seed,epoch,train_loss,val_loss
0,1,1.03121,1.05498
0,2,0.97944,0.91864
0,3,0.65675,0.47191
0,4,0.41271,0.40019
0,5,0.33905,0.29318
0,6,0.23888,0.20459
0,7,0.18357,0.16566
0,8,0.15277,0.14161
0,9,0.13384,0.12752
0,10,0.12006,0.11273
0,11,0.10445,0.09504
0,12,0.08906,0.08146
0,13,0.07545,0.06668
0,14,0.06437,0.06052
0,15,0.05846,0.05653
0,16,0.05533,0.0539
0,17,0.05306,0.05191
0,18,0.05126,0.05035
0,19,0.04979,0.04887
0,20,0.04853,0.04758
0,21,0.0473,0.0465
0,22,0.04626,0.04545
0,23,0.04529,0.04461
0,24,0.04452,0.04388
0,25,0.04407,0.04338
0,26,0.04311,0.04312
0,27,0.04277,0.0432
0,28,0.04264,0.04247
0,29,0.04182,0.04139
0,30,0.04161,0.04171
0,31,0.04136,0.04084
0,32,0.04109,0.04036
0,33,0.04043,0.04042
0,34,0.0405,0.04015
0,35,0.04002,0.03975
0,36,0.03989,0.03977
0,37,0.03936,0.03922
0,38,0.03967,0.03974
0,39,0.03912,0.03891
0,40,0.03876,0.03824
0,41,0.03927,0.04009
0,42,0.03895,0.03819
0,43,0.03797,0.03764
0,44,0.03758,0.03727
0,45,0.03764,0.03705
0,46,0.03762,0.03684
0,47,0.03687,0.03666
0,48,0.03706,0.0371
0,49,0.03643,0.03688
0,50,0.03647,0.03589
1,1,1.09971,1.09881
1,2,0.99582,0.94837
1,3,0.75453,0.52827
1,4,0.44057,0.40973
1,5,0.37022,0.3601
1,6,0.33079,0.31212
1,7,0.25957,0.19677
1,8,0.16092,0.13818
1,9,0.12668,0.11319
1,10,0.10609,0.10016
1,11,0.0952,0.09043
1,12,0.08594,0.08078
1,13,0.07534,0.06961
1,14,0.06536,0.06228
1,15,0.06048,0.05815
1,16,0.05694,0.05512
1,17,0.05414,0.05286
1,18,0.05196,0.05096
1,19,0.05069,0.04935
1,20,0.04877,0.04807
1,21,0.04777,0.04663
1,22,0.04613,0.04555
1,23,0.04592,0.04568
1,24,0.04427,0.04368
1,25,0.04306,0.04248
1,26,0.04203,0.04176
1,27,0.04131,0.04164
1,28,0.04092,0.0408
1,29,0.03993,0.03953
1,30,0.03914,0.03912
1,31,0.03847,0.0382
1,32,0.03804,0.03983
1,33,0.03878,0.03725
1,34,0.03709,0.03665
1,35,0.03648,0.03622
1,36,0.03596,0.03589
1,37,0.03551,0.03586
1,38,0.03623,0.03519
1,39,0.0348,0.03467
1,40,0.03426,0.0347
1,41,0.03467,0.03448
1,42,0.03363,0.0337
1,43,0.03303,0.03325
1,44,0.03464,0.03724
1,45,0.03386,0.03403
1,46,0.03229,0.03247
1,47,0.03146,0.03163
1,48,0.03088,0.0311
1,49,0.03037,0.03064
1,50,0.02982,0.03009
2,1,1.06432,1.06838
2,2,0.96589,0.87447
2,3,0.63897,0.4512
2,4,0.40698,0.37913
2,5,0.34322,0.31897
2,6,0.26888,0.20249
2,7,0.16702,0.14985
2,8,0.13648,0.12431
2,9,0.11661,0.10689
2,10,0.09797,0.0895
2,11,0.08411,0.07665
2,12,0.07063,0.06544
2,13,0.06235,0.06016
2,14,0.05838,0.05742
2,15,0.05588,0.05511
2,16,0.05387,0.05339
2,17,0.05225,0.05189
2,18,0.05087,0.05048
2,19,0.04963,0.04927
2,20,0.04881,0.04823
2,21,0.0475,0.0473
2,22,0.04635,0.04617
2,23,0.04585,0.04499
2,24,0.04451,0.04403
2,25,0.04409,0.04357
2,26,0.04337,0.04307
2,27,0.04215,0.04166
2,28,0.04135,0.04107
2,29,0.04057,0.04049
2,30,0.04,0.03988
2,31,0.03965,0.03969
2,32,0.03916,0.04038
2,33,0.0396,0.03914
2,34,0.03835,0.03853
2,35,0.038,0.03784
2,36,0.03807,0.03755
2,37,0.03758,0.03773
2,38,0.03704,0.03714
2,39,0.03667,0.03683
2,40,0.03634,0.0367
2,41,0.03729,0.03732
2,42,0.0361,0.03618
2,43,0.03559,0.03548
2,44,0.03515,0.03525
2,45,0.03511,0.03582
2,46,0.03499,0.03505
2,47,0.03458,0.03481
2,48,0.03413,0.03439
2,49,0.03456,0.03411
2,50,0.03386,0.03399
