load_hp,fault_type,windows,rms_mean,rms_std,kurtosis_mean,peak_mean,dominant_freq_hz,rms_change_vs_normal0_pct
0,normal,139,0.07378,0.00288,2.75566,0.22371,4125.0,0.0
0,inner_race,238,0.58696,0.03397,5.97634,2.71372,2625.0,695.5477
0,ball,239,0.14872,0.0146,3.01184,0.4715,2859.375,101.57628
0,outer_race,237,1.24883,0.1552,6.70007,5.3808,3421.875,1592.6266
1,normal,1698,0.06632,0.00345,2.89368,0.2053,375.0,-10.10787
1,inner_race,474,0.27814,0.0172,7.33185,1.3713,2578.125,276.98804
1,ball,475,0.14066,0.01407,2.94048,0.44028,2812.5,90.6436
1,outer_race,475,1.05173,0.1356,6.72134,4.54589,3421.875,1325.486
2,normal,1702,0.06422,0.00276,2.89636,0.20274,8390.625,-12.95326
2,inner_race,474,0.28015,0.01815,7.46528,1.42065,2859.375,279.70767
2,ball,475,0.14298,0.01366,2.9618,0.44888,2859.375,93.79217
2,outer_race,475,1.01425,0.11741,6.86222,4.42696,3375.0,1274.6803
3,normal,1704,0.06576,0.003,2.92876,0.20972,8390.625,-10.8726
3,inner_race,474,0.2792,0.01652,6.7801,1.34594,2484.375,278.42203
3,ball,477,0.14257,0.01361,2.94738,0.45054,2906.25,93.23716
3,outer_race,476,0.99863,0.11981,7.24434,4.48007,3421.875,1253.5109
