model,seed,norm,noise,test_load,auc_roc,auc_pr,precision,recall,f1,fpr,threshold,recall_inner_race,recall_ball,recall_outer_race
iforest,0,global,clean,0,1.0,1.0,1.0,1.0,1.0,0.0,0.6421,1.0,1.0,1.0
iforest,0,global,clean,1,0.9977,0.9969,0.81,1.0,0.895,0.1967,0.6421,1.0,1.0,1.0
iforest,0,global,clean,2,0.9973,0.9964,0.7522,1.0,0.8586,0.2756,0.6421,1.0,1.0,1.0
iforest,0,global,clean,3,0.998,0.9973,0.8581,1.0,0.9236,0.1385,0.6421,1.0,1.0,1.0
iforest,1,global,clean,0,1.0,1.0,1.0,1.0,1.0,0.0,0.6545,1.0,1.0,1.0
iforest,1,global,clean,1,0.9949,0.9934,0.8563,1.0,0.9226,0.1408,0.6545,1.0,1.0,1.0
iforest,1,global,clean,2,0.9953,0.9938,0.8091,1.0,0.8945,0.1974,0.6545,1.0,1.0,1.0
iforest,1,global,clean,3,0.9954,0.9934,0.8997,1.0,0.9472,0.0933,0.6545,1.0,1.0,1.0
iforest,2,global,clean,0,1.0,1.0,1.0,1.0,1.0,0.0,0.6521,1.0,1.0,1.0
iforest,2,global,clean,1,0.9977,0.9969,0.8917,1.0,0.9427,0.1019,0.6521,1.0,1.0,1.0
iforest,2,global,clean,2,0.9973,0.9963,0.8636,1.0,0.9268,0.1322,0.6521,1.0,1.0,1.0
iforest,2,global,clean,3,0.9975,0.9957,0.9183,1.0,0.9574,0.0745,0.6521,1.0,1.0,1.0
cnn_ae,0,global,clean,0,1.0,1.0,0.9972,0.9986,0.9979,0.0144,0.0491,1.0,0.9958,1.0
cnn_ae,0,global,clean,1,0.7136,0.8269,0.4558,0.9986,0.6259,1.0,0.0491,1.0,0.9958,1.0
cnn_ae,0,global,clean,2,0.6726,0.8058,0.4554,0.9993,0.6256,1.0,0.0491,1.0,0.9979,1.0
cnn_ae,0,global,clean,3,0.6684,0.8041,0.4558,1.0,0.6262,1.0,0.0491,1.0,1.0,1.0
cnn_ae,1,global,clean,0,1.0,1.0,0.9972,1.0,0.9986,0.0144,0.0422,1.0,1.0,1.0
cnn_ae,1,global,clean,1,0.7818,0.8601,0.4558,0.9986,0.6259,1.0,0.0422,1.0,0.9958,1.0
cnn_ae,1,global,clean,2,0.7153,0.8268,0.4554,0.9993,0.6256,1.0,0.0422,1.0,0.9979,1.0
cnn_ae,1,global,clean,3,0.6989,0.8176,0.4558,1.0,0.6262,1.0,0.0422,1.0,1.0,1.0
cnn_ae,2,global,clean,0,1.0,1.0,0.9986,1.0,0.9993,0.0072,0.0481,1.0,1.0,1.0
cnn_ae,2,global,clean,1,0.7439,0.8425,0.4561,1.0,0.6265,1.0,0.0481,1.0,1.0,1.0
cnn_ae,2,global,clean,2,0.6914,0.8165,0.4555,1.0,0.6259,1.0,0.0481,1.0,1.0,1.0
cnn_ae,2,global,clean,3,0.6803,0.8099,0.4558,1.0,0.6262,1.0,0.0481,1.0,1.0,1.0
