model,seed,load,auc_roc,auc_pr,precision,recall,f1,fpr
iforest,0,0,1.0,1.0,0.9971988795518207,1.0,0.9985974754558204,0.02857142857142857
iforest,0,1,0.9874884335756775,0.9837994909115142,0.7542372881355932,1.0,0.8599033816425121,0.27294117647058824
iforest,0,2,0.9847913773722146,0.9804259507222641,0.6840077071290944,1.0,0.8123569794050344,0.38497652582159625
iforest,0,3,0.9913204718507121,0.9882595924656061,0.7915742793791575,1.0,0.8836633663366337,0.22065727699530516
iforest,1,0,1.0,1.0,0.9971988795518207,1.0,0.9985974754558204,0.02857142857142857
iforest,1,1,0.9870191672174489,0.9837177329499828,0.7542372881355932,1.0,0.8599033816425121,0.27294117647058824
iforest,1,2,0.9871255703233486,0.9833899604986581,0.6787762906309751,1.0,0.8086560364464692,0.39436619718309857
iforest,1,3,0.9915703370550097,0.9881570525423395,0.8040540540540541,1.0,0.8913857677902621,0.20422535211267606
iforest,2,0,1.0,0.9999999999999999,1.0,1.0,1.0,0.0
iforest,2,1,0.9939854593522802,0.9918757074289787,0.8790123456790123,1.0,0.9356110381077529,0.11529411764705882
iforest,2,2,0.9952456523176618,0.9934354085474488,0.8765432098765432,1.0,0.9342105263157895,0.11737089201877934
iforest,2,3,0.9948711879117844,0.9925533932624475,0.9224806201550387,1.0,0.9596774193548387,0.07042253521126761
cnn_ae,0,0,1.0,1.0,1.0,1.0,1.0,0.0
cnn_ae,0,1,1.0,1.0,0.9861495844875346,1.0,0.99302649930265,0.011764705882352941
cnn_ae,0,2,1.0,0.9999999999999999,1.0,1.0,1.0,0.0
cnn_ae,0,3,1.0,0.9999999999999999,0.9780821917808219,1.0,0.9889196675900277,0.018779342723004695
cnn_ae,1,0,1.0,1.0,1.0,1.0,1.0,0.0
cnn_ae,1,1,1.0,1.0,0.9916434540389972,1.0,0.9958041958041958,0.007058823529411765
cnn_ae,1,2,1.0,0.9999999999999999,0.9943977591036415,1.0,0.9971910112359551,0.004694835680751174
cnn_ae,1,3,1.0,0.9999999999999999,0.9622641509433962,1.0,0.9807692307692307,0.03286384976525822
cnn_ae,2,0,1.0,1.0,1.0,1.0,1.0,0.0
cnn_ae,2,1,1.0,1.0,0.9916434540389972,1.0,0.9958041958041958,0.007058823529411765
cnn_ae,2,2,1.0,0.9999999999999999,1.0,1.0,1.0,0.0
cnn_ae,2,3,1.0,0.9999999999999999,0.9727520435967303,1.0,0.9861878453038674,0.023474178403755867
