model,noise,test_load,auc_roc,auc_pr,precision,recall,f1,fpr
iforest,clean,0,1.0 ± 0.0,1.0 ± 0.0,1.0 ± 0.0,1.0 ± 0.0,1.0 ± 0.0,0.0 ± 0.0
iforest,snr20,0,1.0 ± 0.0,1.0 ± 0.0,1.0 ± 0.0,1.0 ± 0.0,1.0 ± 0.0,0.0 ± 0.0
iforest,snr10,0,1.0 ± 0.0,1.0 ± 0.0,0.997 ± 0.001,1.0 ± 0.0,0.999 ± 0.001,0.014 ± 0.007
iforest,snr5,0,0.96 ± 0.007,0.992 ± 0.002,0.886 ± 0.015,1.0 ± 0.0,0.94 ± 0.008,0.659 ± 0.097
iforest,clean,1,0.997 ± 0.002,0.996 ± 0.002,0.853 ± 0.041,1.0 ± 0.0,0.92 ± 0.024,0.146 ± 0.048
iforest,snr20,1,0.997 ± 0.002,0.996 ± 0.002,0.87 ± 0.04,1.0 ± 0.0,0.93 ± 0.023,0.126 ± 0.045
iforest,snr10,1,0.997 ± 0.001,0.996 ± 0.002,0.957 ± 0.01,1.0 ± 0.0,0.978 ± 0.005,0.038 ± 0.01
iforest,snr5,1,0.989 ± 0.003,0.984 ± 0.003,0.853 ± 0.009,1.0 ± 0.0,0.921 ± 0.005,0.144 ± 0.01
iforest,clean,2,0.997 ± 0.001,0.995 ± 0.001,0.808 ± 0.056,1.0 ± 0.0,0.893 ± 0.034,0.202 ± 0.072
iforest,snr20,2,0.997 ± 0.001,0.996 ± 0.001,0.83 ± 0.051,1.0 ± 0.0,0.906 ± 0.031,0.174 ± 0.062
iforest,snr10,2,0.998 ± 0.002,0.997 ± 0.002,0.943 ± 0.014,1.0 ± 0.0,0.97 ± 0.008,0.051 ± 0.013
iforest,snr5,2,0.996 ± 0.002,0.995 ± 0.003,0.924 ± 0.003,1.0 ± 0.0,0.961 ± 0.002,0.069 ± 0.003
iforest,clean,3,0.997 ± 0.001,0.995 ± 0.002,0.892 ± 0.031,1.0 ± 0.0,0.943 ± 0.017,0.102 ± 0.033
iforest,snr20,3,0.997 ± 0.002,0.996 ± 0.002,0.9 ± 0.027,1.0 ± 0.0,0.947 ± 0.015,0.093 ± 0.028
iforest,snr10,3,0.999 ± 0.0,0.998 ± 0.001,0.958 ± 0.012,1.0 ± 0.0,0.978 ± 0.007,0.037 ± 0.011
iforest,snr5,3,0.994 ± 0.003,0.992 ± 0.003,0.876 ± 0.0,1.0 ± 0.0,0.934 ± 0.0,0.119 ± 0.0
cnn_ae,clean,0,1.0 ± 0.0,1.0 ± 0.0,0.998 ± 0.001,1.0 ± 0.001,0.999 ± 0.001,0.012 ± 0.004
cnn_ae,snr20,0,1.0 ± 0.0,1.0 ± 0.0,0.968 ± 0.01,1.0 ± 0.0,0.983 ± 0.005,0.173 ± 0.056
cnn_ae,snr10,0,1.0 ± 0.0,1.0 ± 0.0,0.837 ± 0.0,1.0 ± 0.0,0.911 ± 0.0,1.0 ± 0.0
cnn_ae,snr5,0,0.993 ± 0.004,0.999 ± 0.001,0.837 ± 0.0,1.0 ± 0.0,0.911 ± 0.0,1.0 ± 0.0
cnn_ae,clean,1,0.746 ± 0.034,0.843 ± 0.017,0.456 ± 0.0,0.999 ± 0.001,0.626 ± 0.0,1.0 ± 0.0
cnn_ae,snr20,1,0.747 ± 0.034,0.843 ± 0.017,0.456 ± 0.0,1.0 ± 0.0,0.626 ± 0.0,1.0 ± 0.0
cnn_ae,snr10,1,0.75 ± 0.034,0.843 ± 0.017,0.456 ± 0.0,1.0 ± 0.0,0.626 ± 0.0,1.0 ± 0.0
cnn_ae,snr5,1,0.761 ± 0.028,0.845 ± 0.012,0.456 ± 0.0,1.0 ± 0.0,0.626 ± 0.0,1.0 ± 0.0
cnn_ae,clean,2,0.693 ± 0.021,0.816 ± 0.01,0.455 ± 0.0,1.0 ± 0.0,0.626 ± 0.0,1.0 ± 0.0
cnn_ae,snr20,2,0.693 ± 0.021,0.816 ± 0.01,0.455 ± 0.0,1.0 ± 0.0,0.626 ± 0.0,1.0 ± 0.0
cnn_ae,snr10,2,0.695 ± 0.022,0.816 ± 0.01,0.456 ± 0.0,1.0 ± 0.0,0.626 ± 0.0,1.0 ± 0.0
cnn_ae,snr5,2,0.703 ± 0.025,0.818 ± 0.01,0.456 ± 0.0,1.0 ± 0.0,0.626 ± 0.0,1.0 ± 0.0
cnn_ae,clean,3,0.683 ± 0.015,0.811 ± 0.007,0.456 ± 0.0,1.0 ± 0.0,0.626 ± 0.0,1.0 ± 0.0
cnn_ae,snr20,3,0.683 ± 0.015,0.81 ± 0.007,0.456 ± 0.0,1.0 ± 0.0,0.626 ± 0.0,1.0 ± 0.0
cnn_ae,snr10,3,0.684 ± 0.016,0.811 ± 0.007,0.456 ± 0.0,1.0 ± 0.0,0.626 ± 0.0,1.0 ± 0.0
cnn_ae,snr5,3,0.69 ± 0.02,0.812 ± 0.008,0.456 ± 0.0,1.0 ± 0.0,0.626 ± 0.0,1.0 ± 0.0
