experiment,model,seed,test_load,norm,noise,threshold_method,auc_roc,auc_pr,precision,recall,f1,fpr,threshold,recall_inner_race,recall_ball,recall_outer_race,q
noise,iforest,0,0,global,clean,p99_val0,1.0,1.0,1.0,1.0,1.0,0.0,0.6421,1.0,1.0,1.0,
noise,iforest,0,0,global,snr20,p99_val0,1.0,1.0,1.0,1.0,1.0,0.0,0.6421,1.0,1.0,1.0,
noise,iforest,0,0,global,snr10,p99_val0,1.0,1.0,0.9986,1.0,0.9993,0.0072,0.6421,1.0,1.0,1.0,
noise,iforest,0,0,global,snr5,p99_val0,0.9671,0.9931,0.8697,1.0,0.9303,0.7698,0.6421,1.0,1.0,1.0,
threshold,iforest,0,0,global,clean,p99_val0,1.0,1.0,1.0,1.0,1.0,0.0,0.6421,1.0,1.0,1.0,
threshold,iforest,0,0,global,clean,mean_3std_val0,1.0,1.0,1.0,1.0,1.0,0.0,0.6539,1.0,1.0,1.0,
threshold,iforest,0,0,global,clean,pot_val0,1.0,1.0,1.0,1.0,1.0,0.0,0.6727,1.0,1.0,1.0,
threshold,iforest,0,0,global,clean,condition_aware,1.0,1.0,1.0,1.0,1.0,0.0,0.6421,1.0,1.0,1.0,
threshold,iforest,0,0,global,clean,oracle_best_f1 (upper bound),1.0,1.0,1.0,1.0,1.0,0.0,0.6387,1.0,1.0,1.0,
sweep,iforest,0,0,global,clean,p90.0_val0,,,0.9958,1.0,0.9979,0.0216,0.567,,,,90.0
sweep,iforest,0,0,global,clean,p92.5_val0,,,0.9972,1.0,0.9986,0.0144,0.5757,,,,92.5
sweep,iforest,0,0,global,clean,p95.0_val0,,,0.9986,1.0,0.9993,0.0072,0.6039,,,,95.0
sweep,iforest,0,0,global,clean,p97.0_val0,,,0.9986,1.0,0.9993,0.0072,0.6257,,,,97.0
sweep,iforest,0,0,global,clean,p98.0_val0,,,0.9986,1.0,0.9993,0.0072,0.6289,,,,98.0
sweep,iforest,0,0,global,clean,p99.0_val0,,,1.0,1.0,1.0,0.0,0.6421,,,,99.0
sweep,iforest,0,0,global,clean,p99.5_val0,,,1.0,1.0,1.0,0.0,0.6563,,,,99.5
sweep,iforest,0,0,global,clean,p99.9_val0,,,1.0,1.0,1.0,0.0,0.6695,,,,99.9
ablation,iforest,0,0,global,clean,p99_val0,1.0,1.0,1.0,1.0,1.0,0.0,0.6421,1.0,1.0,1.0,
ablation,iforest,0,0,global,clean,condition_aware,1.0,1.0,1.0,1.0,1.0,0.0,0.6421,1.0,1.0,1.0,
ablation,iforest,0,0,condition,clean,p99_val0,1.0,1.0,1.0,1.0,1.0,0.0,0.6421,1.0,1.0,1.0,
ablation,iforest,0,0,condition,clean,condition_aware,1.0,1.0,1.0,1.0,1.0,0.0,0.6421,1.0,1.0,1.0,
noise,iforest,0,1,global,clean,p99_val0,0.9977,0.9969,0.81,1.0,0.895,0.1967,0.6421,1.0,1.0,1.0,
noise,iforest,0,1,global,snr20,p99_val0,0.998,0.9973,0.8269,1.0,0.9053,0.1755,0.6421,1.0,1.0,1.0,
noise,iforest,0,1,global,snr10,p99_val0,0.9986,0.9979,0.9449,1.0,0.9717,0.0489,0.6421,1.0,1.0,1.0,
noise,iforest,0,1,global,snr5,p99_val0,0.9915,0.9872,0.8431,1.0,0.9149,0.1561,0.6421,1.0,1.0,1.0,
threshold,iforest,0,1,global,clean,p99_val0,0.9977,0.9969,0.81,1.0,0.895,0.1967,0.6421,1.0,1.0,1.0,
threshold,iforest,0,1,global,clean,mean_3std_val0,0.9977,0.9969,0.8688,1.0,0.9298,0.1266,0.6539,1.0,1.0,1.0,
threshold,iforest,0,1,global,clean,pot_val0,0.9977,0.9969,0.9481,1.0,0.9733,0.0459,0.6727,1.0,1.0,1.0,
threshold,iforest,0,1,global,clean,condition_aware,0.9977,0.9969,0.9902,0.7823,0.8741,0.0065,0.7137,1.0,0.3474,1.0,
threshold,iforest,0,1,global,clean,oracle_best_f1 (upper bound),0.9977,0.9969,0.9753,1.0,0.9875,0.0212,0.6884,1.0,1.0,1.0,
sweep,iforest,0,1,global,clean,p90.0_val0,,,0.5667,1.0,0.7234,0.6413,0.567,,,,90.0
sweep,iforest,0,1,global,clean,p92.5_val0,,,0.5812,1.0,0.7352,0.6042,0.5757,,,,92.5
sweep,iforest,0,1,global,clean,p95.0_val0,,,0.6493,1.0,0.7874,0.4529,0.6039,,,,95.0
sweep,iforest,0,1,global,clean,p97.0_val0,,,0.7325,1.0,0.8456,0.3062,0.6257,,,,97.0
sweep,iforest,0,1,global,clean,p98.0_val0,,,0.7436,1.0,0.8529,0.2892,0.6289,,,,98.0
sweep,iforest,0,1,global,clean,p99.0_val0,,,0.81,1.0,0.895,0.1967,0.6421,,,,99.0
sweep,iforest,0,1,global,clean,p99.5_val0,,,0.8796,1.0,0.9359,0.1148,0.6563,,,,99.5
sweep,iforest,0,1,global,clean,p99.9_val0,,,0.9375,1.0,0.9677,0.0559,0.6695,,,,99.9
ablation,iforest,0,1,global,clean,p99_val0,0.9977,0.9969,0.81,1.0,0.895,0.1967,0.6421,1.0,1.0,1.0,
ablation,iforest,0,1,global,clean,condition_aware,0.9977,0.9969,0.9902,0.7823,0.8741,0.0065,0.7137,1.0,0.3474,1.0,
ablation,iforest,0,1,condition,clean,p99_val0,0.996,0.9911,0.9456,1.0,0.972,0.0483,0.6421,1.0,1.0,1.0,
ablation,iforest,0,1,condition,clean,condition_aware,0.996,0.9911,0.9794,1.0,0.9896,0.0177,0.6828,1.0,1.0,1.0,
noise,iforest,0,2,global,clean,p99_val0,0.9973,0.9964,0.7522,1.0,0.8586,0.2756,0.6421,1.0,1.0,1.0,
noise,iforest,0,2,global,snr20,p99_val0,0.9974,0.9965,0.779,1.0,0.8758,0.2374,0.6421,1.0,1.0,1.0,
noise,iforest,0,2,global,snr10,p99_val0,0.999,0.9987,0.9265,1.0,0.9618,0.0664,0.6421,1.0,1.0,1.0,
noise,iforest,0,2,global,snr5,p99_val0,0.9981,0.9973,0.9247,1.0,0.9609,0.0682,0.6421,1.0,1.0,1.0,
threshold,iforest,0,2,global,clean,p99_val0,0.9973,0.9964,0.7522,1.0,0.8586,0.2756,0.6421,1.0,1.0,1.0,
threshold,iforest,0,2,global,clean,mean_3std_val0,0.9973,0.9964,0.8372,1.0,0.9114,0.1627,0.6539,1.0,1.0,1.0,
threshold,iforest,0,2,global,clean,pot_val0,0.9973,0.9964,0.9418,1.0,0.97,0.0517,0.6727,1.0,1.0,1.0,
threshold,iforest,0,2,global,clean,condition_aware,0.9973,0.9964,0.9943,0.7402,0.8486,0.0035,0.7218,1.0,0.2211,1.0,
threshold,iforest,0,2,global,clean,oracle_best_f1 (upper bound),0.9973,0.9964,0.9814,0.9993,0.9903,0.0159,0.6916,1.0,0.9979,1.0,
sweep,iforest,0,2,global,clean,p90.0_val0,,,0.4993,1.0,0.666,0.839,0.567,,,,90.0
sweep,iforest,0,2,global,clean,p92.5_val0,,,0.5088,1.0,0.6744,0.8079,0.5757,,,,92.5
sweep,iforest,0,2,global,clean,p95.0_val0,,,0.5617,1.0,0.7194,0.6528,0.6039,,,,95.0
sweep,iforest,0,2,global,clean,p97.0_val0,,,0.6458,1.0,0.7848,0.4589,0.6257,,,,97.0
sweep,iforest,0,2,global,clean,p98.0_val0,,,0.6611,1.0,0.796,0.4289,0.6289,,,,98.0
sweep,iforest,0,2,global,clean,p99.0_val0,,,0.7522,1.0,0.8586,0.2756,0.6421,,,,99.0
sweep,iforest,0,2,global,clean,p99.5_val0,,,0.8532,1.0,0.9208,0.1439,0.6563,,,,99.5
sweep,iforest,0,2,global,clean,p99.9_val0,,,0.9344,1.0,0.9661,0.0588,0.6695,,,,99.9
ablation,iforest,0,2,global,clean,p99_val0,0.9973,0.9964,0.7522,1.0,0.8586,0.2756,0.6421,1.0,1.0,1.0,
ablation,iforest,0,2,global,clean,condition_aware,0.9973,0.9964,0.9943,0.7402,0.8486,0.0035,0.7218,1.0,0.2211,1.0,
ablation,iforest,0,2,condition,clean,p99_val0,0.9979,0.9966,0.9635,1.0,0.9814,0.0317,0.6421,1.0,1.0,1.0,
ablation,iforest,0,2,condition,clean,condition_aware,0.9979,0.9966,0.9909,0.9993,0.9951,0.0076,0.6904,1.0,0.9979,1.0,
noise,iforest,0,3,global,clean,p99_val0,0.998,0.9973,0.8581,1.0,0.9236,0.1385,0.6421,1.0,1.0,1.0,
noise,iforest,0,3,global,snr20,p99_val0,0.9983,0.9976,0.8696,1.0,0.9302,0.1256,0.6421,1.0,1.0,1.0,
noise,iforest,0,3,global,snr10,p99_val0,0.999,0.9986,0.9438,1.0,0.9711,0.0499,0.6421,1.0,1.0,1.0,
noise,iforest,0,3,global,snr5,p99_val0,0.9965,0.9953,0.8755,1.0,0.9336,0.1191,0.6421,1.0,1.0,1.0,
threshold,iforest,0,3,global,clean,p99_val0,0.998,0.9973,0.8581,1.0,0.9236,0.1385,0.6421,1.0,1.0,1.0,
threshold,iforest,0,3,global,clean,mean_3std_val0,0.998,0.9973,0.9089,1.0,0.9523,0.0839,0.6539,1.0,1.0,1.0,
threshold,iforest,0,3,global,clean,pot_val0,0.998,0.9973,0.9584,1.0,0.9787,0.0364,0.6727,1.0,1.0,1.0,
threshold,iforest,0,3,global,clean,condition_aware,0.998,0.9973,0.9892,0.9587,0.9737,0.0088,0.6994,1.0,0.8763,1.0,
threshold,iforest,0,3,global,clean,oracle_best_f1 (upper bound),0.998,0.9973,0.9841,1.0,0.992,0.0135,0.6917,1.0,1.0,1.0,
sweep,iforest,0,3,global,clean,p90.0_val0,,,0.5598,1.0,0.7178,0.6585,0.567,,,,90.0
sweep,iforest,0,3,global,clean,p92.5_val0,,,0.5782,1.0,0.7327,0.6109,0.5757,,,,92.5
sweep,iforest,0,3,global,clean,p95.0_val0,,,0.6558,1.0,0.7921,0.4396,0.6039,,,,95.0
sweep,iforest,0,3,global,clean,p97.0_val0,,,0.7639,1.0,0.8662,0.2588,0.6257,,,,97.0
sweep,iforest,0,3,global,clean,p98.0_val0,,,0.7798,1.0,0.8763,0.2365,0.6289,,,,98.0
sweep,iforest,0,3,global,clean,p99.0_val0,,,0.8581,1.0,0.9236,0.1385,0.6421,,,,99.0
sweep,iforest,0,3,global,clean,p99.5_val0,,,0.9189,1.0,0.9577,0.0739,0.6563,,,,99.5
sweep,iforest,0,3,global,clean,p99.9_val0,,,0.9526,1.0,0.9757,0.0417,0.6695,,,,99.9
ablation,iforest,0,3,global,clean,p99_val0,0.998,0.9973,0.8581,1.0,0.9236,0.1385,0.6421,1.0,1.0,1.0,
ablation,iforest,0,3,global,clean,condition_aware,0.998,0.9973,0.9892,0.9587,0.9737,0.0088,0.6994,1.0,0.8763,1.0,
ablation,iforest,0,3,condition,clean,p99_val0,0.999,0.9987,0.9635,1.0,0.9814,0.0317,0.6421,1.0,1.0,1.0,
ablation,iforest,0,3,condition,clean,condition_aware,0.999,0.9987,0.9937,0.9986,0.9962,0.0053,0.6926,1.0,0.9958,1.0,
noise,iforest,1,0,global,clean,p99_val0,1.0,1.0,1.0,1.0,1.0,0.0,0.6545,1.0,1.0,1.0,
noise,iforest,1,0,global,snr20,p99_val0,1.0,1.0,1.0,1.0,1.0,0.0,0.6545,1.0,1.0,1.0,
noise,iforest,1,0,global,snr10,p99_val0,1.0,1.0,0.9972,1.0,0.9986,0.0144,0.6545,1.0,1.0,1.0,
noise,iforest,1,0,global,snr5,p99_val0,0.9602,0.9917,0.897,1.0,0.9457,0.5899,0.6545,1.0,1.0,1.0,
threshold,iforest,1,0,global,clean,p99_val0,1.0,1.0,1.0,1.0,1.0,0.0,0.6545,1.0,1.0,1.0,
threshold,iforest,1,0,global,clean,mean_3std_val0,1.0,1.0,1.0,1.0,1.0,0.0,0.6566,1.0,1.0,1.0,
threshold,iforest,1,0,global,clean,pot_val0,1.0,1.0,1.0,0.9916,0.9958,0.0,0.6775,1.0,0.9749,1.0,
threshold,iforest,1,0,global,clean,condition_aware,1.0,1.0,1.0,1.0,1.0,0.0,0.6545,1.0,1.0,1.0,
threshold,iforest,1,0,global,clean,oracle_best_f1 (upper bound),1.0,1.0,1.0,1.0,1.0,0.0,0.6521,1.0,1.0,1.0,
sweep,iforest,1,0,global,clean,p90.0_val0,,,0.993,1.0,0.9965,0.036,0.5574,,,,90.0
sweep,iforest,1,0,global,clean,p92.5_val0,,,0.9972,1.0,0.9986,0.0144,0.5851,,,,92.5
sweep,iforest,1,0,global,clean,p95.0_val0,,,0.9972,1.0,0.9986,0.0144,0.5952,,,,95.0
sweep,iforest,1,0,global,clean,p97.0_val0,,,0.9972,1.0,0.9986,0.0144,0.6027,,,,97.0
sweep,iforest,1,0,global,clean,p98.0_val0,,,0.9986,1.0,0.9993,0.0072,0.6496,,,,98.0
sweep,iforest,1,0,global,clean,p99.0_val0,,,1.0,1.0,1.0,0.0,0.6545,,,,99.0
sweep,iforest,1,0,global,clean,p99.5_val0,,,1.0,1.0,1.0,0.0,0.6639,,,,99.5
sweep,iforest,1,0,global,clean,p99.9_val0,,,1.0,0.9986,0.9993,0.0,0.6756,,,,99.9
ablation,iforest,1,0,global,clean,p99_val0,1.0,1.0,1.0,1.0,1.0,0.0,0.6545,1.0,1.0,1.0,
ablation,iforest,1,0,global,clean,condition_aware,1.0,1.0,1.0,1.0,1.0,0.0,0.6545,1.0,1.0,1.0,
ablation,iforest,1,0,condition,clean,p99_val0,1.0,1.0,1.0,1.0,1.0,0.0,0.6545,1.0,1.0,1.0,
ablation,iforest,1,0,condition,clean,condition_aware,1.0,1.0,1.0,1.0,1.0,0.0,0.6545,1.0,1.0,1.0,
noise,iforest,1,1,global,clean,p99_val0,0.9949,0.9934,0.8563,1.0,0.9226,0.1408,0.6545,1.0,1.0,1.0,
noise,iforest,1,1,global,snr20,p99_val0,0.9952,0.9937,0.879,1.0,0.9356,0.1154,0.6545,1.0,1.0,1.0,
noise,iforest,1,1,global,snr10,p99_val0,0.9961,0.9946,0.9602,1.0,0.9797,0.0347,0.6545,1.0,1.0,1.0,
noise,iforest,1,1,global,snr5,p99_val0,0.9859,0.9804,0.8568,1.0,0.9229,0.1402,0.6545,1.0,1.0,1.0,
threshold,iforest,1,1,global,clean,p99_val0,0.9949,0.9934,0.8563,1.0,0.9226,0.1408,0.6545,1.0,1.0,1.0,
threshold,iforest,1,1,global,clean,mean_3std_val0,0.9949,0.9934,0.8683,1.0,0.9295,0.1272,0.6566,1.0,1.0,1.0,
threshold,iforest,1,1,global,clean,pot_val0,0.9949,0.9934,0.96,0.9937,0.9765,0.0347,0.6775,1.0,0.9811,1.0,
threshold,iforest,1,1,global,clean,condition_aware,0.9949,0.9934,0.9907,0.7451,0.8505,0.0059,0.7116,1.0,0.2358,1.0,
threshold,iforest,1,1,global,clean,oracle_best_f1 (upper bound),0.9949,0.9934,0.9638,0.9902,0.9768,0.0312,0.6782,1.0,0.9705,1.0,
sweep,iforest,1,1,global,clean,p90.0_val0,,,0.5502,1.0,0.7099,0.6855,0.5574,,,,90.0
sweep,iforest,1,1,global,clean,p92.5_val0,,,0.5956,1.0,0.7465,0.5695,0.5851,,,,92.5
sweep,iforest,1,1,global,clean,p95.0_val0,,,0.6178,1.0,0.7637,0.5188,0.5952,,,,95.0
sweep,iforest,1,1,global,clean,p97.0_val0,,,0.6354,1.0,0.7771,0.4812,0.6027,,,,97.0
sweep,iforest,1,1,global,clean,p98.0_val0,,,0.8255,1.0,0.9044,0.1773,0.6496,,,,98.0
sweep,iforest,1,1,global,clean,p99.0_val0,,,0.8563,1.0,0.9226,0.1408,0.6545,,,,99.0
sweep,iforest,1,1,global,clean,p99.5_val0,,,0.9087,1.0,0.9522,0.0842,0.6639,,,,99.5
sweep,iforest,1,1,global,clean,p99.9_val0,,,0.9549,0.9951,0.9746,0.0395,0.6756,,,,99.9
ablation,iforest,1,1,global,clean,p99_val0,0.9949,0.9934,0.8563,1.0,0.9226,0.1408,0.6545,1.0,1.0,1.0,
ablation,iforest,1,1,global,clean,condition_aware,0.9949,0.9934,0.9907,0.7451,0.8505,0.0059,0.7116,1.0,0.2358,1.0,
ablation,iforest,1,1,condition,clean,p99_val0,0.9932,0.9876,0.957,1.0,0.978,0.0377,0.6545,1.0,1.0,1.0,
ablation,iforest,1,1,condition,clean,condition_aware,0.9932,0.9876,0.9713,0.9515,0.9613,0.0236,0.6846,1.0,0.8547,1.0,
noise,iforest,1,2,global,clean,p99_val0,0.9953,0.9938,0.8091,1.0,0.8945,0.1974,0.6545,1.0,1.0,1.0,
noise,iforest,1,2,global,snr20,p99_val0,0.996,0.9948,0.8289,1.0,0.9064,0.1727,0.6545,1.0,1.0,1.0,
noise,iforest,1,2,global,snr10,p99_val0,0.9959,0.9946,0.9481,1.0,0.9733,0.0458,0.6545,1.0,1.0,1.0,
noise,iforest,1,2,global,snr5,p99_val0,0.9941,0.992,0.9211,1.0,0.9589,0.0717,0.6545,1.0,1.0,1.0,
threshold,iforest,1,2,global,clean,p99_val0,0.9953,0.9938,0.8091,1.0,0.8945,0.1974,0.6545,1.0,1.0,1.0,
threshold,iforest,1,2,global,clean,mean_3std_val0,0.9953,0.9938,0.8241,1.0,0.9036,0.1786,0.6566,1.0,1.0,1.0,
threshold,iforest,1,2,global,clean,pot_val0,0.9953,0.9938,0.9614,0.9958,0.9783,0.0335,0.6775,1.0,0.9874,1.0,
threshold,iforest,1,2,global,clean,condition_aware,0.9953,0.9938,0.9942,0.724,0.8379,0.0035,0.7191,1.0,0.1726,1.0,
threshold,iforest,1,2,global,clean,oracle_best_f1 (upper bound),0.9953,0.9938,0.9614,0.9958,0.9783,0.0335,0.6775,1.0,0.9874,1.0,
sweep,iforest,1,2,global,clean,p90.0_val0,,,0.4883,1.0,0.6562,0.8766,0.5574,,,,90.0
sweep,iforest,1,2,global,clean,p92.5_val0,,,0.5191,1.0,0.6835,0.775,0.5851,,,,92.5
sweep,iforest,1,2,global,clean,p95.0_val0,,,0.5313,1.0,0.694,0.738,0.5952,,,,95.0
sweep,iforest,1,2,global,clean,p97.0_val0,,,0.5437,1.0,0.7044,0.7021,0.6027,,,,97.0
sweep,iforest,1,2,global,clean,p98.0_val0,,,0.7697,1.0,0.8699,0.2503,0.6496,,,,98.0
sweep,iforest,1,2,global,clean,p99.0_val0,,,0.8091,1.0,0.8945,0.1974,0.6545,,,,99.0
sweep,iforest,1,2,global,clean,p99.5_val0,,,0.879,1.0,0.9356,0.1152,0.6639,,,,99.5
sweep,iforest,1,2,global,clean,p99.9_val0,,,0.9505,0.9972,0.9733,0.0435,0.6756,,,,99.9
ablation,iforest,1,2,global,clean,p99_val0,0.9953,0.9938,0.8091,1.0,0.8945,0.1974,0.6545,1.0,1.0,1.0,
ablation,iforest,1,2,global,clean,condition_aware,0.9953,0.9938,0.9942,0.724,0.8379,0.0035,0.7191,1.0,0.1726,1.0,
ablation,iforest,1,2,condition,clean,p99_val0,0.9959,0.9941,0.9596,1.0,0.9794,0.0353,0.6545,1.0,1.0,1.0,
ablation,iforest,1,2,condition,clean,condition_aware,0.9959,0.9941,0.9869,0.7935,0.8797,0.0088,0.6999,1.0,0.3811,1.0,
noise,iforest,1,3,global,clean,p99_val0,0.9954,0.9934,0.8997,1.0,0.9472,0.0933,0.6545,1.0,1.0,1.0,
noise,iforest,1,3,global,snr20,p99_val0,0.9953,0.9934,0.9118,1.0,0.9539,0.081,0.6545,1.0,1.0,1.0,
noise,iforest,1,3,global,snr10,p99_val0,0.9981,0.9975,0.9675,1.0,0.9835,0.0282,0.6545,1.0,1.0,1.0,
noise,iforest,1,3,global,snr5,p99_val0,0.9911,0.9888,0.876,1.0,0.9339,0.1185,0.6545,1.0,1.0,1.0,
threshold,iforest,1,3,global,clean,p99_val0,0.9954,0.9934,0.8997,1.0,0.9472,0.0933,0.6545,1.0,1.0,1.0,
threshold,iforest,1,3,global,clean,mean_3std_val0,0.9954,0.9934,0.9072,1.0,0.9513,0.0857,0.6566,1.0,1.0,1.0,
threshold,iforest,1,3,global,clean,pot_val0,0.9954,0.9934,0.9704,0.9874,0.9788,0.0252,0.6775,1.0,0.9623,1.0,
threshold,iforest,1,3,global,clean,condition_aware,0.9954,0.9934,0.9846,0.8059,0.8863,0.0106,0.6972,1.0,0.4193,1.0,
threshold,iforest,1,3,global,clean,oracle_best_f1 (upper bound),0.9954,0.9934,0.9654,0.9979,0.9814,0.0299,0.6744,1.0,0.9937,1.0,
sweep,iforest,1,3,global,clean,p90.0_val0,,,0.5422,1.0,0.7031,0.7072,0.5574,,,,90.0
sweep,iforest,1,3,global,clean,p92.5_val0,,,0.5929,1.0,0.7444,0.5751,0.5851,,,,92.5
sweep,iforest,1,3,global,clean,p95.0_val0,,,0.6175,1.0,0.7635,0.5188,0.5952,,,,95.0
sweep,iforest,1,3,global,clean,p97.0_val0,,,0.6376,1.0,0.7787,0.4759,0.6027,,,,97.0
sweep,iforest,1,3,global,clean,p98.0_val0,,,0.8701,1.0,0.9306,0.125,0.6496,,,,98.0
sweep,iforest,1,3,global,clean,p99.0_val0,,,0.8997,1.0,0.9472,0.0933,0.6545,,,,99.0
sweep,iforest,1,3,global,clean,p99.5_val0,,,0.9401,1.0,0.9691,0.0534,0.6639,,,,99.5
sweep,iforest,1,3,global,clean,p99.9_val0,,,0.9673,0.9937,0.9803,0.0282,0.6756,,,,99.9
ablation,iforest,1,3,global,clean,p99_val0,0.9954,0.9934,0.8997,1.0,0.9472,0.0933,0.6545,1.0,1.0,1.0,
ablation,iforest,1,3,global,clean,condition_aware,0.9954,0.9934,0.9846,0.8059,0.8863,0.0106,0.6972,1.0,0.4193,1.0,
ablation,iforest,1,3,condition,clean,p99_val0,0.9977,0.9969,0.9629,1.0,0.9811,0.0323,0.6545,1.0,1.0,1.0,
ablation,iforest,1,3,condition,clean,condition_aware,0.9977,0.9969,0.9936,0.7561,0.8587,0.0041,0.7061,1.0,0.2704,1.0,
noise,iforest,2,0,global,clean,p99_val0,1.0,1.0,1.0,1.0,1.0,0.0,0.6521,1.0,1.0,1.0,
noise,iforest,2,0,global,snr20,p99_val0,1.0,1.0,1.0,1.0,1.0,0.0,0.6521,1.0,1.0,1.0,
noise,iforest,2,0,global,snr10,p99_val0,1.0,1.0,0.9958,1.0,0.9979,0.0216,0.6521,1.0,1.0,1.0,
noise,iforest,2,0,global,snr5,p99_val0,0.953,0.99,0.8925,1.0,0.9432,0.6187,0.6521,1.0,1.0,1.0,
threshold,iforest,2,0,global,clean,p99_val0,1.0,1.0,1.0,1.0,1.0,0.0,0.6521,1.0,1.0,1.0,
threshold,iforest,2,0,global,clean,mean_3std_val0,1.0,1.0,1.0,1.0,1.0,0.0,0.6557,1.0,1.0,1.0,
threshold,iforest,2,0,global,clean,pot_val0,1.0,1.0,1.0,1.0,1.0,0.0,0.6706,1.0,1.0,1.0,
threshold,iforest,2,0,global,clean,condition_aware,1.0,1.0,1.0,1.0,1.0,0.0,0.6521,1.0,1.0,1.0,
threshold,iforest,2,0,global,clean,oracle_best_f1 (upper bound),1.0,1.0,1.0,1.0,1.0,0.0,0.644,1.0,1.0,1.0,
sweep,iforest,2,0,global,clean,p90.0_val0,,,0.9944,1.0,0.9972,0.0288,0.5633,,,,90.0
sweep,iforest,2,0,global,clean,p92.5_val0,,,0.9972,1.0,0.9986,0.0144,0.581,,,,92.5
sweep,iforest,2,0,global,clean,p95.0_val0,,,0.9972,1.0,0.9986,0.0144,0.5986,,,,95.0
sweep,iforest,2,0,global,clean,p97.0_val0,,,0.9972,1.0,0.9986,0.0144,0.6104,,,,97.0
sweep,iforest,2,0,global,clean,p98.0_val0,,,0.9986,1.0,0.9993,0.0072,0.6406,,,,98.0
sweep,iforest,2,0,global,clean,p99.0_val0,,,1.0,1.0,1.0,0.0,0.6521,,,,99.0
sweep,iforest,2,0,global,clean,p99.5_val0,,,1.0,1.0,1.0,0.0,0.6596,,,,99.5
sweep,iforest,2,0,global,clean,p99.9_val0,,,1.0,1.0,1.0,0.0,0.6686,,,,99.9
ablation,iforest,2,0,global,clean,p99_val0,1.0,1.0,1.0,1.0,1.0,0.0,0.6521,1.0,1.0,1.0,
ablation,iforest,2,0,global,clean,condition_aware,1.0,1.0,1.0,1.0,1.0,0.0,0.6521,1.0,1.0,1.0,
ablation,iforest,2,0,condition,clean,p99_val0,1.0,1.0,1.0,1.0,1.0,0.0,0.6521,1.0,1.0,1.0,
ablation,iforest,2,0,condition,clean,condition_aware,1.0,1.0,1.0,1.0,1.0,0.0,0.6521,1.0,1.0,1.0,
noise,iforest,2,1,global,clean,p99_val0,0.9977,0.9969,0.8917,1.0,0.9427,0.1019,0.6521,1.0,1.0,1.0,
noise,iforest,2,1,global,snr20,p99_val0,0.9974,0.9965,0.9047,1.0,0.95,0.0883,0.6521,1.0,1.0,1.0,
noise,iforest,2,1,global,snr10,p99_val0,0.9977,0.9962,0.9648,1.0,0.9821,0.0306,0.6521,1.0,1.0,1.0,
noise,iforest,2,1,global,snr5,p99_val0,0.9902,0.9849,0.8599,1.0,0.9247,0.1366,0.6521,1.0,1.0,1.0,
threshold,iforest,2,1,global,clean,p99_val0,0.9977,0.9969,0.8917,1.0,0.9427,0.1019,0.6521,1.0,1.0,1.0,
threshold,iforest,2,1,global,clean,mean_3std_val0,0.9977,0.9969,0.9105,1.0,0.9531,0.0824,0.6557,1.0,1.0,1.0,
threshold,iforest,2,1,global,clean,pot_val0,0.9977,0.9969,0.9583,1.0,0.9787,0.0365,0.6706,1.0,1.0,1.0,
threshold,iforest,2,1,global,clean,condition_aware,0.9977,0.9969,0.9883,0.8862,0.9345,0.0088,0.7071,1.0,0.6589,1.0,
threshold,iforest,2,1,global,clean,oracle_best_f1 (upper bound),0.9977,0.9969,0.9821,1.0,0.991,0.0153,0.6955,1.0,1.0,1.0,
sweep,iforest,2,1,global,clean,p90.0_val0,,,0.564,1.0,0.7212,0.6484,0.5633,,,,90.0
sweep,iforest,2,1,global,clean,p92.5_val0,,,0.5966,1.0,0.7473,0.5671,0.581,,,,92.5
sweep,iforest,2,1,global,clean,p95.0_val0,,,0.6452,1.0,0.7844,0.4611,0.5986,,,,95.0
sweep,iforest,2,1,global,clean,p97.0_val0,,,0.6913,1.0,0.8175,0.3746,0.6104,,,,97.0
sweep,iforest,2,1,global,clean,p98.0_val0,,,0.8284,1.0,0.9061,0.1737,0.6406,,,,98.0
sweep,iforest,2,1,global,clean,p99.0_val0,,,0.8917,1.0,0.9427,0.1019,0.6521,,,,99.0
sweep,iforest,2,1,global,clean,p99.5_val0,,,0.9301,1.0,0.9638,0.063,0.6596,,,,99.5
sweep,iforest,2,1,global,clean,p99.9_val0,,,0.9544,1.0,0.9767,0.04,0.6686,,,,99.9
ablation,iforest,2,1,global,clean,p99_val0,0.9977,0.9969,0.8917,1.0,0.9427,0.1019,0.6521,1.0,1.0,1.0,
ablation,iforest,2,1,global,clean,condition_aware,0.9977,0.9969,0.9883,0.8862,0.9345,0.0088,0.7071,1.0,0.6589,1.0,
ablation,iforest,2,1,condition,clean,p99_val0,0.9949,0.9899,0.9596,1.0,0.9794,0.0353,0.6521,1.0,1.0,1.0,
ablation,iforest,2,1,condition,clean,condition_aware,0.9949,0.9899,0.9733,1.0,0.9865,0.023,0.6861,1.0,1.0,1.0,
noise,iforest,2,2,global,clean,p99_val0,0.9973,0.9963,0.8636,1.0,0.9268,0.1322,0.6521,1.0,1.0,1.0,
noise,iforest,2,2,global,snr20,p99_val0,0.9974,0.9964,0.8812,1.0,0.9368,0.1128,0.6521,1.0,1.0,1.0,
noise,iforest,2,2,global,snr10,p99_val0,0.9979,0.9972,0.9531,1.0,0.976,0.0411,0.6521,1.0,1.0,1.0,
noise,iforest,2,2,global,snr5,p99_val0,0.9972,0.9958,0.9271,1.0,0.9622,0.0658,0.6521,1.0,1.0,1.0,
threshold,iforest,2,2,global,clean,p99_val0,0.9973,0.9963,0.8636,1.0,0.9268,0.1322,0.6521,1.0,1.0,1.0,
threshold,iforest,2,2,global,clean,mean_3std_val0,0.9973,0.9963,0.8817,1.0,0.9372,0.1122,0.6557,1.0,1.0,1.0,
threshold,iforest,2,2,global,clean,pot_val0,0.9973,0.9963,0.9551,1.0,0.977,0.0394,0.6706,1.0,1.0,1.0,
threshold,iforest,2,2,global,clean,condition_aware,0.9973,0.9963,0.9943,0.7367,0.8463,0.0035,0.7221,1.0,0.2105,1.0,
threshold,iforest,2,2,global,clean,oracle_best_f1 (upper bound),0.9973,0.9963,0.9841,1.0,0.992,0.0135,0.6959,1.0,1.0,1.0,
sweep,iforest,2,2,global,clean,p90.0_val0,,,0.497,1.0,0.664,0.8467,0.5633,,,,90.0
sweep,iforest,2,2,global,clean,p92.5_val0,,,0.5199,1.0,0.6841,0.7726,0.581,,,,92.5
sweep,iforest,2,2,global,clean,p95.0_val0,,,0.5604,1.0,0.7183,0.6563,0.5986,,,,95.0
sweep,iforest,2,2,global,clean,p97.0_val0,,,0.5988,1.0,0.7491,0.5605,0.6104,,,,97.0
sweep,iforest,2,2,global,clean,p98.0_val0,,,0.7798,1.0,0.8763,0.2362,0.6406,,,,98.0
sweep,iforest,2,2,global,clean,p99.0_val0,,,0.8636,1.0,0.9268,0.1322,0.6521,,,,99.0
sweep,iforest,2,2,global,clean,p99.5_val0,,,0.9087,1.0,0.9522,0.084,0.6596,,,,99.5
sweep,iforest,2,2,global,clean,p99.9_val0,,,0.95,1.0,0.9743,0.0441,0.6686,,,,99.9
ablation,iforest,2,2,global,clean,p99_val0,0.9973,0.9963,0.8636,1.0,0.9268,0.1322,0.6521,1.0,1.0,1.0,
ablation,iforest,2,2,global,clean,condition_aware,0.9973,0.9963,0.9943,0.7367,0.8463,0.0035,0.7221,1.0,0.2105,1.0,
ablation,iforest,2,2,condition,clean,p99_val0,0.9972,0.9957,0.9674,1.0,0.9834,0.0282,0.6521,1.0,1.0,1.0,
ablation,iforest,2,2,condition,clean,condition_aware,0.9972,0.9957,0.9879,0.9171,0.9512,0.0094,0.7052,1.0,0.7516,1.0,
noise,iforest,2,3,global,clean,p99_val0,0.9975,0.9957,0.9183,1.0,0.9574,0.0745,0.6521,1.0,1.0,1.0,
noise,iforest,2,3,global,snr20,p99_val0,0.9981,0.9969,0.9195,1.0,0.958,0.0734,0.6521,1.0,1.0,1.0,
noise,iforest,2,3,global,snr10,p99_val0,0.9988,0.9983,0.9622,1.0,0.9808,0.0329,0.6521,1.0,1.0,1.0,
noise,iforest,2,3,global,snr5,p99_val0,0.9937,0.9916,0.8755,1.0,0.9336,0.1191,0.6521,1.0,1.0,1.0,
threshold,iforest,2,3,global,clean,p99_val0,0.9975,0.9957,0.9183,1.0,0.9574,0.0745,0.6521,1.0,1.0,1.0,
threshold,iforest,2,3,global,clean,mean_3std_val0,0.9975,0.9957,0.9296,1.0,0.9635,0.0634,0.6557,1.0,1.0,1.0,
threshold,iforest,2,3,global,clean,pot_val0,0.9975,0.9957,0.9648,1.0,0.9821,0.0305,0.6706,1.0,1.0,1.0,
threshold,iforest,2,3,global,clean,condition_aware,0.9975,0.9957,0.9893,0.9727,0.9809,0.0088,0.7006,1.0,0.9182,1.0,
threshold,iforest,2,3,global,clean,oracle_best_f1 (upper bound),0.9975,0.9957,0.9875,1.0,0.9937,0.0106,0.6954,1.0,1.0,1.0,
sweep,iforest,2,3,global,clean,p90.0_val0,,,0.5576,1.0,0.716,0.6643,0.5633,,,,90.0
sweep,iforest,2,3,global,clean,p92.5_val0,,,0.5996,1.0,0.7497,0.5593,0.581,,,,92.5
sweep,iforest,2,3,global,clean,p95.0_val0,,,0.651,1.0,0.7886,0.4489,0.5986,,,,95.0
sweep,iforest,2,3,global,clean,p97.0_val0,,,0.7103,1.0,0.8306,0.3415,0.6104,,,,97.0
sweep,iforest,2,3,global,clean,p98.0_val0,,,0.867,1.0,0.9287,0.1285,0.6406,,,,98.0
sweep,iforest,2,3,global,clean,p99.0_val0,,,0.9183,1.0,0.9574,0.0745,0.6521,,,,99.0
sweep,iforest,2,3,global,clean,p99.5_val0,,,0.9413,1.0,0.9698,0.0522,0.6596,,,,99.5
sweep,iforest,2,3,global,clean,p99.9_val0,,,0.9609,1.0,0.9801,0.034,0.6686,,,,99.9
ablation,iforest,2,3,global,clean,p99_val0,0.9975,0.9957,0.9183,1.0,0.9574,0.0745,0.6521,1.0,1.0,1.0,
ablation,iforest,2,3,global,clean,condition_aware,0.9975,0.9957,0.9893,0.9727,0.9809,0.0088,0.7006,1.0,0.9182,1.0,
ablation,iforest,2,3,condition,clean,p99_val0,0.9985,0.998,0.9655,1.0,0.9824,0.0299,0.6521,1.0,1.0,1.0,
ablation,iforest,2,3,condition,clean,condition_aware,0.9985,0.998,0.9931,0.8045,0.8889,0.0047,0.7132,1.0,0.4151,1.0,
noise,cnn_ae,0,0,global,clean,p99_val0,1.0,1.0,0.9972,0.9986,0.9979,0.0144,0.0491,1.0,0.9958,1.0,
noise,cnn_ae,0,0,global,snr20,p99_val0,1.0,1.0,0.9623,1.0,0.9808,0.2014,0.0491,1.0,1.0,1.0,
noise,cnn_ae,0,0,global,snr10,p99_val0,0.9993,0.9999,0.837,1.0,0.9113,1.0,0.0491,1.0,1.0,1.0,
noise,cnn_ae,0,0,global,snr5,p99_val0,0.9885,0.9979,0.837,1.0,0.9113,1.0,0.0491,1.0,1.0,1.0,
threshold,cnn_ae,0,0,global,clean,p99_val0,1.0,1.0,0.9972,0.9986,0.9979,0.0144,0.0491,1.0,0.9958,1.0,
threshold,cnn_ae,0,0,global,clean,mean_3std_val0,1.0,1.0,0.9986,0.9986,0.9986,0.0072,0.0513,1.0,0.9958,1.0,
threshold,cnn_ae,0,0,global,clean,pot_val0,1.0,1.0,1.0,0.9958,0.9979,0.0,0.0533,1.0,0.9874,1.0,
threshold,cnn_ae,0,0,global,clean,condition_aware,1.0,1.0,0.9972,0.9986,0.9979,0.0144,0.0491,1.0,0.9958,1.0,
threshold,cnn_ae,0,0,global,clean,oracle_best_f1 (upper bound),1.0,1.0,0.9972,1.0,0.9986,0.0144,0.0484,1.0,1.0,1.0,
sweep,cnn_ae,0,0,global,clean,p90.0_val0,,,0.9767,1.0,0.9882,0.1223,0.0435,,,,90.0
sweep,cnn_ae,0,0,global,clean,p92.5_val0,,,0.9794,1.0,0.9896,0.1079,0.0441,,,,92.5
sweep,cnn_ae,0,0,global,clean,p95.0_val0,,,0.9835,1.0,0.9917,0.0863,0.0447,,,,95.0
sweep,cnn_ae,0,0,global,clean,p97.0_val0,,,0.9848,1.0,0.9924,0.0791,0.0451,,,,97.0
sweep,cnn_ae,0,0,global,clean,p98.0_val0,,,0.9862,1.0,0.993,0.0719,0.046,,,,98.0
sweep,cnn_ae,0,0,global,clean,p99.0_val0,,,0.9972,0.9986,0.9979,0.0144,0.0491,,,,99.0
sweep,cnn_ae,0,0,global,clean,p99.5_val0,,,0.9986,0.9972,0.9979,0.0072,0.0516,,,,99.5
sweep,cnn_ae,0,0,global,clean,p99.9_val0,,,1.0,0.9958,0.9979,0.0,0.053,,,,99.9
ablation,cnn_ae,0,0,global,clean,p99_val0,1.0,1.0,0.9972,0.9986,0.9979,0.0144,0.0491,1.0,0.9958,1.0,
ablation,cnn_ae,0,0,global,clean,condition_aware,1.0,1.0,0.9972,0.9986,0.9979,0.0144,0.0491,1.0,0.9958,1.0,
ablation,cnn_ae,0,0,condition,clean,p99_val0,1.0,1.0,0.9972,0.9986,0.9979,0.0144,0.0491,1.0,0.9958,1.0,
ablation,cnn_ae,0,0,condition,clean,condition_aware,1.0,1.0,0.9972,0.9986,0.9979,0.0144,0.0491,1.0,0.9958,1.0,
noise,cnn_ae,0,1,global,clean,p99_val0,0.7136,0.8269,0.4558,0.9986,0.6259,1.0,0.0491,1.0,0.9958,1.0,
noise,cnn_ae,0,1,global,snr20,p99_val0,0.714,0.827,0.4561,1.0,0.6265,1.0,0.0491,1.0,1.0,1.0,
noise,cnn_ae,0,1,global,snr10,p99_val0,0.717,0.8265,0.4561,1.0,0.6265,1.0,0.0491,1.0,1.0,1.0,
noise,cnn_ae,0,1,global,snr5,p99_val0,0.7344,0.8317,0.4561,1.0,0.6265,1.0,0.0491,1.0,1.0,1.0,
threshold,cnn_ae,0,1,global,clean,p99_val0,0.7136,0.8269,0.4558,0.9986,0.6259,1.0,0.0491,1.0,0.9958,1.0,
threshold,cnn_ae,0,1,global,clean,mean_3std_val0,0.7136,0.8269,0.4558,0.9986,0.6259,1.0,0.0513,1.0,0.9958,1.0,
threshold,cnn_ae,0,1,global,clean,pot_val0,0.7136,0.8269,0.4558,0.9986,0.6259,1.0,0.0533,1.0,0.9958,1.0,
threshold,cnn_ae,0,1,global,clean,condition_aware,0.7136,0.8269,0.9597,0.6861,0.8002,0.0241,0.1431,1.0,0.0589,1.0,
threshold,cnn_ae,0,1,global,clean,oracle_best_f1 (upper bound),0.7136,0.8269,0.9969,0.6791,0.8079,0.0018,0.1525,1.0,0.0379,1.0,
sweep,cnn_ae,0,1,global,clean,p90.0_val0,,,0.4561,1.0,0.6265,1.0,0.0435,,,,90.0
sweep,cnn_ae,0,1,global,clean,p92.5_val0,,,0.4561,1.0,0.6265,1.0,0.0441,,,,92.5
sweep,cnn_ae,0,1,global,clean,p95.0_val0,,,0.4561,1.0,0.6265,1.0,0.0447,,,,95.0
sweep,cnn_ae,0,1,global,clean,p97.0_val0,,,0.4561,1.0,0.6265,1.0,0.0451,,,,97.0
sweep,cnn_ae,0,1,global,clean,p98.0_val0,,,0.4561,1.0,0.6265,1.0,0.046,,,,98.0
sweep,cnn_ae,0,1,global,clean,p99.0_val0,,,0.4558,0.9986,0.6259,1.0,0.0491,,,,99.0
sweep,cnn_ae,0,1,global,clean,p99.5_val0,,,0.4558,0.9986,0.6259,1.0,0.0516,,,,99.5
sweep,cnn_ae,0,1,global,clean,p99.9_val0,,,0.4558,0.9986,0.6259,1.0,0.053,,,,99.9
ablation,cnn_ae,0,1,global,clean,p99_val0,0.7136,0.8269,0.4558,0.9986,0.6259,1.0,0.0491,1.0,0.9958,1.0,
ablation,cnn_ae,0,1,global,clean,condition_aware,0.7136,0.8269,0.9597,0.6861,0.8002,0.0241,0.1431,1.0,0.0589,1.0,
ablation,cnn_ae,0,1,condition,clean,p99_val0,0.7179,0.8291,0.4561,1.0,0.6265,1.0,0.0491,1.0,1.0,1.0,
ablation,cnn_ae,0,1,condition,clean,condition_aware,0.7179,0.8291,0.957,0.6882,0.8007,0.0259,0.1755,1.0,0.0653,1.0,
noise,cnn_ae,0,2,global,clean,p99_val0,0.6726,0.8058,0.4554,0.9993,0.6256,1.0,0.0491,1.0,0.9979,1.0,
noise,cnn_ae,0,2,global,snr20,p99_val0,0.6726,0.8059,0.4555,1.0,0.6259,1.0,0.0491,1.0,1.0,1.0,
noise,cnn_ae,0,2,global,snr10,p99_val0,0.6733,0.8058,0.4555,1.0,0.6259,1.0,0.0491,1.0,1.0,1.0,
noise,cnn_ae,0,2,global,snr5,p99_val0,0.6797,0.8076,0.4555,1.0,0.6259,1.0,0.0491,1.0,1.0,1.0,
threshold,cnn_ae,0,2,global,clean,p99_val0,0.6726,0.8058,0.4554,0.9993,0.6256,1.0,0.0491,1.0,0.9979,1.0,
threshold,cnn_ae,0,2,global,clean,mean_3std_val0,0.6726,0.8058,0.4554,0.9993,0.6256,1.0,0.0513,1.0,0.9979,1.0,
threshold,cnn_ae,0,2,global,clean,pot_val0,0.6726,0.8058,0.4554,0.9993,0.6256,1.0,0.0533,1.0,0.9979,1.0,
threshold,cnn_ae,0,2,global,clean,condition_aware,0.6726,0.8058,0.9824,0.6664,0.7941,0.01,0.2012,1.0,0.0,1.0,
threshold,cnn_ae,0,2,global,clean,oracle_best_f1 (upper bound),0.6726,0.8058,1.0,0.6664,0.7998,0.0,0.2765,1.0,0.0,1.0,
sweep,cnn_ae,0,2,global,clean,p90.0_val0,,,0.4554,0.9993,0.6256,1.0,0.0435,,,,90.0
sweep,cnn_ae,0,2,global,clean,p92.5_val0,,,0.4554,0.9993,0.6256,1.0,0.0441,,,,92.5
sweep,cnn_ae,0,2,global,clean,p95.0_val0,,,0.4554,0.9993,0.6256,1.0,0.0447,,,,95.0
sweep,cnn_ae,0,2,global,clean,p97.0_val0,,,0.4554,0.9993,0.6256,1.0,0.0451,,,,97.0
sweep,cnn_ae,0,2,global,clean,p98.0_val0,,,0.4554,0.9993,0.6256,1.0,0.046,,,,98.0
sweep,cnn_ae,0,2,global,clean,p99.0_val0,,,0.4554,0.9993,0.6256,1.0,0.0491,,,,99.0
sweep,cnn_ae,0,2,global,clean,p99.5_val0,,,0.4554,0.9993,0.6256,1.0,0.0516,,,,99.5
sweep,cnn_ae,0,2,global,clean,p99.9_val0,,,0.4554,0.9993,0.6256,1.0,0.053,,,,99.9
ablation,cnn_ae,0,2,global,clean,p99_val0,0.6726,0.8058,0.4554,0.9993,0.6256,1.0,0.0491,1.0,0.9979,1.0,
ablation,cnn_ae,0,2,global,clean,condition_aware,0.6726,0.8058,0.9824,0.6664,0.7941,0.01,0.2012,1.0,0.0,1.0,
ablation,cnn_ae,0,2,condition,clean,p99_val0,0.6737,0.8064,0.4555,1.0,0.6259,1.0,0.0491,1.0,1.0,1.0,
ablation,cnn_ae,0,2,condition,clean,condition_aware,0.6737,0.8064,0.9855,0.6678,0.7961,0.0082,0.2631,1.0,0.0042,1.0,
noise,cnn_ae,0,3,global,clean,p99_val0,0.6684,0.8041,0.4558,1.0,0.6262,1.0,0.0491,1.0,1.0,1.0,
noise,cnn_ae,0,3,global,snr20,p99_val0,0.6684,0.804,0.4558,1.0,0.6262,1.0,0.0491,1.0,1.0,1.0,
noise,cnn_ae,0,3,global,snr10,p99_val0,0.6693,0.8042,0.4558,1.0,0.6262,1.0,0.0491,1.0,1.0,1.0,
noise,cnn_ae,0,3,global,snr5,p99_val0,0.6723,0.8051,0.4558,1.0,0.6262,1.0,0.0491,1.0,1.0,1.0,
threshold,cnn_ae,0,3,global,clean,p99_val0,0.6684,0.8041,0.4558,1.0,0.6262,1.0,0.0491,1.0,1.0,1.0,
threshold,cnn_ae,0,3,global,clean,mean_3std_val0,0.6684,0.8041,0.4558,1.0,0.6262,1.0,0.0513,1.0,1.0,1.0,
threshold,cnn_ae,0,3,global,clean,pot_val0,0.6684,0.8041,0.4558,1.0,0.6262,1.0,0.0533,1.0,1.0,1.0,
threshold,cnn_ae,0,3,global,clean,condition_aware,0.6684,0.8041,0.9989,0.6664,0.7995,0.0006,0.2465,1.0,0.0021,1.0,
threshold,cnn_ae,0,3,global,clean,oracle_best_f1 (upper bound),0.6684,0.8041,0.9989,0.6664,0.7995,0.0006,0.2474,1.0,0.0021,1.0,
sweep,cnn_ae,0,3,global,clean,p90.0_val0,,,0.4558,1.0,0.6262,1.0,0.0435,,,,90.0
sweep,cnn_ae,0,3,global,clean,p92.5_val0,,,0.4558,1.0,0.6262,1.0,0.0441,,,,92.5
sweep,cnn_ae,0,3,global,clean,p95.0_val0,,,0.4558,1.0,0.6262,1.0,0.0447,,,,95.0
sweep,cnn_ae,0,3,global,clean,p97.0_val0,,,0.4558,1.0,0.6262,1.0,0.0451,,,,97.0
sweep,cnn_ae,0,3,global,clean,p98.0_val0,,,0.4558,1.0,0.6262,1.0,0.046,,,,98.0
sweep,cnn_ae,0,3,global,clean,p99.0_val0,,,0.4558,1.0,0.6262,1.0,0.0491,,,,99.0
sweep,cnn_ae,0,3,global,clean,p99.5_val0,,,0.4558,1.0,0.6262,1.0,0.0516,,,,99.5
sweep,cnn_ae,0,3,global,clean,p99.9_val0,,,0.4558,1.0,0.6262,1.0,0.053,,,,99.9
ablation,cnn_ae,0,3,global,clean,p99_val0,0.6684,0.8041,0.4558,1.0,0.6262,1.0,0.0491,1.0,1.0,1.0,
ablation,cnn_ae,0,3,global,clean,condition_aware,0.6684,0.8041,0.9989,0.6664,0.7995,0.0006,0.2465,1.0,0.0021,1.0,
ablation,cnn_ae,0,3,condition,clean,p99_val0,0.6687,0.8042,0.4558,1.0,0.6262,1.0,0.0491,1.0,1.0,1.0,
ablation,cnn_ae,0,3,condition,clean,condition_aware,0.6687,0.8042,0.9989,0.6664,0.7995,0.0006,0.3072,1.0,0.0021,1.0,
noise,cnn_ae,1,0,global,clean,p99_val0,1.0,1.0,0.9972,1.0,0.9986,0.0144,0.0422,1.0,1.0,1.0,
noise,cnn_ae,1,0,global,snr20,p99_val0,1.0,1.0,0.961,1.0,0.9801,0.2086,0.0422,1.0,1.0,1.0,
noise,cnn_ae,1,0,global,snr10,p99_val0,1.0,1.0,0.837,1.0,0.9113,1.0,0.0422,1.0,1.0,1.0,
noise,cnn_ae,1,0,global,snr5,p99_val0,0.9937,0.9988,0.837,1.0,0.9113,1.0,0.0422,1.0,1.0,1.0,
threshold,cnn_ae,1,0,global,clean,p99_val0,1.0,1.0,0.9972,1.0,0.9986,0.0144,0.0422,1.0,1.0,1.0,
threshold,cnn_ae,1,0,global,clean,mean_3std_val0,1.0,1.0,0.9986,1.0,0.9993,0.0072,0.0438,1.0,1.0,1.0,
threshold,cnn_ae,1,0,global,clean,pot_val0,1.0,1.0,1.0,0.9986,0.9993,0.0,0.0497,1.0,0.9958,1.0,
threshold,cnn_ae,1,0,global,clean,condition_aware,1.0,1.0,0.9972,1.0,0.9986,0.0144,0.0422,1.0,1.0,1.0,
threshold,cnn_ae,1,0,global,clean,oracle_best_f1 (upper bound),1.0,1.0,1.0,1.0,1.0,0.0,0.0464,1.0,1.0,1.0,
sweep,cnn_ae,1,0,global,clean,p90.0_val0,,,0.9808,1.0,0.9903,0.1007,0.0361,,,,90.0
sweep,cnn_ae,1,0,global,clean,p92.5_val0,,,0.9848,1.0,0.9924,0.0791,0.0371,,,,92.5
sweep,cnn_ae,1,0,global,clean,p95.0_val0,,,0.9876,1.0,0.9937,0.0647,0.0379,,,,95.0
sweep,cnn_ae,1,0,global,clean,p97.0_val0,,,0.9917,1.0,0.9958,0.0432,0.0395,,,,97.0
sweep,cnn_ae,1,0,global,clean,p98.0_val0,,,0.9917,1.0,0.9958,0.0432,0.0404,,,,98.0
sweep,cnn_ae,1,0,global,clean,p99.0_val0,,,0.9972,1.0,0.9986,0.0144,0.0422,,,,99.0
sweep,cnn_ae,1,0,global,clean,p99.5_val0,,,0.9986,1.0,0.9993,0.0072,0.0453,,,,99.5
sweep,cnn_ae,1,0,global,clean,p99.9_val0,,,1.0,0.9986,0.9993,0.0,0.0489,,,,99.9
ablation,cnn_ae,1,0,global,clean,p99_val0,1.0,1.0,0.9972,1.0,0.9986,0.0144,0.0422,1.0,1.0,1.0,
ablation,cnn_ae,1,0,global,clean,condition_aware,1.0,1.0,0.9972,1.0,0.9986,0.0144,0.0422,1.0,1.0,1.0,
ablation,cnn_ae,1,0,condition,clean,p99_val0,1.0,1.0,0.9972,1.0,0.9986,0.0144,0.0422,1.0,1.0,1.0,
ablation,cnn_ae,1,0,condition,clean,condition_aware,1.0,1.0,0.9972,1.0,0.9986,0.0144,0.0422,1.0,1.0,1.0,
noise,cnn_ae,1,1,global,clean,p99_val0,0.7818,0.8601,0.4558,0.9986,0.6259,1.0,0.0422,1.0,0.9958,1.0,
noise,cnn_ae,1,1,global,snr20,p99_val0,0.7825,0.8602,0.4561,1.0,0.6265,1.0,0.0422,1.0,1.0,1.0,
noise,cnn_ae,1,1,global,snr10,p99_val0,0.7849,0.8601,0.4561,1.0,0.6265,1.0,0.0422,1.0,1.0,1.0,
noise,cnn_ae,1,1,global,snr5,p99_val0,0.7896,0.8566,0.4561,1.0,0.6265,1.0,0.0422,1.0,1.0,1.0,
threshold,cnn_ae,1,1,global,clean,p99_val0,0.7818,0.8601,0.4558,0.9986,0.6259,1.0,0.0422,1.0,0.9958,1.0,
threshold,cnn_ae,1,1,global,clean,mean_3std_val0,0.7818,0.8601,0.4556,0.9979,0.6256,1.0,0.0438,1.0,0.9937,1.0,
threshold,cnn_ae,1,1,global,clean,pot_val0,0.7818,0.8601,0.4542,0.9923,0.6232,1.0,0.0497,1.0,0.9768,1.0,
threshold,cnn_ae,1,1,global,clean,condition_aware,0.7818,0.8601,0.9718,0.7015,0.8148,0.0171,0.112,1.0,0.1053,1.0,
threshold,cnn_ae,1,1,global,clean,oracle_best_f1 (upper bound),0.7818,0.8601,0.996,0.6959,0.8193,0.0024,0.1183,1.0,0.0884,1.0,
sweep,cnn_ae,1,1,global,clean,p90.0_val0,,,0.4561,1.0,0.6265,1.0,0.0361,,,,90.0
sweep,cnn_ae,1,1,global,clean,p92.5_val0,,,0.4561,1.0,0.6265,1.0,0.0371,,,,92.5
sweep,cnn_ae,1,1,global,clean,p95.0_val0,,,0.4561,1.0,0.6265,1.0,0.0379,,,,95.0
sweep,cnn_ae,1,1,global,clean,p97.0_val0,,,0.4559,0.9993,0.6262,1.0,0.0395,,,,97.0
sweep,cnn_ae,1,1,global,clean,p98.0_val0,,,0.4559,0.9993,0.6262,1.0,0.0404,,,,98.0
sweep,cnn_ae,1,1,global,clean,p99.0_val0,,,0.4558,0.9986,0.6259,1.0,0.0422,,,,99.0
sweep,cnn_ae,1,1,global,clean,p99.5_val0,,,0.4554,0.9972,0.6253,1.0,0.0453,,,,99.5
sweep,cnn_ae,1,1,global,clean,p99.9_val0,,,0.4547,0.9944,0.6241,1.0,0.0489,,,,99.9
ablation,cnn_ae,1,1,global,clean,p99_val0,0.7818,0.8601,0.4558,0.9986,0.6259,1.0,0.0422,1.0,0.9958,1.0,
ablation,cnn_ae,1,1,global,clean,condition_aware,0.7818,0.8601,0.9718,0.7015,0.8148,0.0171,0.112,1.0,0.1053,1.0,
ablation,cnn_ae,1,1,condition,clean,p99_val0,0.8032,0.8718,0.4561,1.0,0.6265,1.0,0.0422,1.0,1.0,1.0,
ablation,cnn_ae,1,1,condition,clean,condition_aware,0.8032,0.8718,0.9741,0.7135,0.8237,0.0159,0.1391,1.0,0.1411,1.0,
noise,cnn_ae,1,2,global,clean,p99_val0,0.7153,0.8268,0.4554,0.9993,0.6256,1.0,0.0422,1.0,0.9979,1.0,
noise,cnn_ae,1,2,global,snr20,p99_val0,0.7151,0.8265,0.4554,0.9993,0.6256,1.0,0.0422,1.0,0.9979,1.0,
noise,cnn_ae,1,2,global,snr10,p99_val0,0.7181,0.8264,0.4555,1.0,0.6259,1.0,0.0422,1.0,1.0,1.0,
noise,cnn_ae,1,2,global,snr5,p99_val0,0.7293,0.8284,0.4555,1.0,0.6259,1.0,0.0422,1.0,1.0,1.0,
threshold,cnn_ae,1,2,global,clean,p99_val0,0.7153,0.8268,0.4554,0.9993,0.6256,1.0,0.0422,1.0,0.9979,1.0,
threshold,cnn_ae,1,2,global,clean,mean_3std_val0,0.7153,0.8268,0.4554,0.9993,0.6256,1.0,0.0438,1.0,0.9979,1.0,
threshold,cnn_ae,1,2,global,clean,pot_val0,0.7153,0.8268,0.4552,0.9986,0.6253,1.0,0.0497,1.0,0.9958,1.0,
threshold,cnn_ae,1,2,global,clean,condition_aware,0.7153,0.8268,0.9778,0.6805,0.8025,0.0129,0.1438,1.0,0.0421,1.0,
threshold,cnn_ae,1,2,global,clean,oracle_best_f1 (upper bound),0.7153,0.8268,0.999,0.677,0.807,0.0006,0.1524,1.0,0.0316,1.0,
sweep,cnn_ae,1,2,global,clean,p90.0_val0,,,0.4554,0.9993,0.6256,1.0,0.0361,,,,90.0
sweep,cnn_ae,1,2,global,clean,p92.5_val0,,,0.4554,0.9993,0.6256,1.0,0.0371,,,,92.5
sweep,cnn_ae,1,2,global,clean,p95.0_val0,,,0.4554,0.9993,0.6256,1.0,0.0379,,,,95.0
sweep,cnn_ae,1,2,global,clean,p97.0_val0,,,0.4554,0.9993,0.6256,1.0,0.0395,,,,97.0
sweep,cnn_ae,1,2,global,clean,p98.0_val0,,,0.4554,0.9993,0.6256,1.0,0.0404,,,,98.0
sweep,cnn_ae,1,2,global,clean,p99.0_val0,,,0.4554,0.9993,0.6256,1.0,0.0422,,,,99.0
sweep,cnn_ae,1,2,global,clean,p99.5_val0,,,0.4552,0.9986,0.6253,1.0,0.0453,,,,99.5
sweep,cnn_ae,1,2,global,clean,p99.9_val0,,,0.4552,0.9986,0.6253,1.0,0.0489,,,,99.9
ablation,cnn_ae,1,2,global,clean,p99_val0,0.7153,0.8268,0.4554,0.9993,0.6256,1.0,0.0422,1.0,0.9979,1.0,
ablation,cnn_ae,1,2,global,clean,condition_aware,0.7153,0.8268,0.9778,0.6805,0.8025,0.0129,0.1438,1.0,0.0421,1.0,
ablation,cnn_ae,1,2,condition,clean,p99_val0,0.722,0.8301,0.4555,1.0,0.6259,1.0,0.0422,1.0,1.0,1.0,
ablation,cnn_ae,1,2,condition,clean,condition_aware,0.722,0.8301,0.975,0.6847,0.8045,0.0147,0.1895,1.0,0.0547,1.0,
noise,cnn_ae,1,3,global,clean,p99_val0,0.6989,0.8176,0.4558,1.0,0.6262,1.0,0.0422,1.0,1.0,1.0,
noise,cnn_ae,1,3,global,snr20,p99_val0,0.6988,0.8174,0.4558,1.0,0.6262,1.0,0.0422,1.0,1.0,1.0,
noise,cnn_ae,1,3,global,snr10,p99_val0,0.7002,0.8174,0.4558,1.0,0.6262,1.0,0.0422,1.0,1.0,1.0,
noise,cnn_ae,1,3,global,snr5,p99_val0,0.7108,0.8201,0.4558,1.0,0.6262,1.0,0.0422,1.0,1.0,1.0,
threshold,cnn_ae,1,3,global,clean,p99_val0,0.6989,0.8176,0.4558,1.0,0.6262,1.0,0.0422,1.0,1.0,1.0,
threshold,cnn_ae,1,3,global,clean,mean_3std_val0,0.6989,0.8176,0.4558,1.0,0.6262,1.0,0.0438,1.0,1.0,1.0,
threshold,cnn_ae,1,3,global,clean,pot_val0,0.6989,0.8176,0.4558,1.0,0.6262,1.0,0.0497,1.0,1.0,1.0,
threshold,cnn_ae,1,3,global,clean,condition_aware,0.6989,0.8176,0.9917,0.6713,0.8007,0.0047,0.1693,1.0,0.0168,1.0,
threshold,cnn_ae,1,3,global,clean,oracle_best_f1 (upper bound),0.6989,0.8176,1.0,0.6685,0.8013,0.0,0.1854,1.0,0.0084,1.0,
sweep,cnn_ae,1,3,global,clean,p90.0_val0,,,0.4558,1.0,0.6262,1.0,0.0361,,,,90.0
sweep,cnn_ae,1,3,global,clean,p92.5_val0,,,0.4558,1.0,0.6262,1.0,0.0371,,,,92.5
sweep,cnn_ae,1,3,global,clean,p95.0_val0,,,0.4558,1.0,0.6262,1.0,0.0379,,,,95.0
sweep,cnn_ae,1,3,global,clean,p97.0_val0,,,0.4558,1.0,0.6262,1.0,0.0395,,,,97.0
sweep,cnn_ae,1,3,global,clean,p98.0_val0,,,0.4558,1.0,0.6262,1.0,0.0404,,,,98.0
sweep,cnn_ae,1,3,global,clean,p99.0_val0,,,0.4558,1.0,0.6262,1.0,0.0422,,,,99.0
sweep,cnn_ae,1,3,global,clean,p99.5_val0,,,0.4558,1.0,0.6262,1.0,0.0453,,,,99.5
sweep,cnn_ae,1,3,global,clean,p99.9_val0,,,0.4558,1.0,0.6262,1.0,0.0489,,,,99.9
ablation,cnn_ae,1,3,global,clean,p99_val0,0.6989,0.8176,0.4558,1.0,0.6262,1.0,0.0422,1.0,1.0,1.0,
ablation,cnn_ae,1,3,global,clean,condition_aware,0.6989,0.8176,0.9917,0.6713,0.8007,0.0047,0.1693,1.0,0.0168,1.0,
ablation,cnn_ae,1,3,condition,clean,p99_val0,0.7023,0.8192,0.4558,1.0,0.6262,1.0,0.0422,1.0,1.0,1.0,
ablation,cnn_ae,1,3,condition,clean,condition_aware,0.7023,0.8192,0.9917,0.6713,0.8007,0.0047,0.214,1.0,0.0168,1.0,
noise,cnn_ae,2,0,global,clean,p99_val0,1.0,1.0,0.9986,1.0,0.9993,0.0072,0.0481,1.0,1.0,1.0,
noise,cnn_ae,2,0,global,snr20,p99_val0,1.0,1.0,0.9794,1.0,0.9896,0.1079,0.0481,1.0,1.0,1.0,
noise,cnn_ae,2,0,global,snr10,p99_val0,1.0,1.0,0.837,1.0,0.9113,1.0,0.0481,1.0,1.0,1.0,
noise,cnn_ae,2,0,global,snr5,p99_val0,0.9959,0.9992,0.837,1.0,0.9113,1.0,0.0481,1.0,1.0,1.0,
threshold,cnn_ae,2,0,global,clean,p99_val0,1.0,1.0,0.9986,1.0,0.9993,0.0072,0.0481,1.0,1.0,1.0,
threshold,cnn_ae,2,0,global,clean,mean_3std_val0,1.0,1.0,0.9986,1.0,0.9993,0.0072,0.0479,1.0,1.0,1.0,
threshold,cnn_ae,2,0,global,clean,pot_val0,1.0,1.0,1.0,1.0,1.0,0.0,0.0502,1.0,1.0,1.0,
threshold,cnn_ae,2,0,global,clean,condition_aware,1.0,1.0,0.9986,1.0,0.9993,0.0072,0.0481,1.0,1.0,1.0,
threshold,cnn_ae,2,0,global,clean,oracle_best_f1 (upper bound),1.0,1.0,1.0,1.0,1.0,0.0,0.0494,1.0,1.0,1.0,
sweep,cnn_ae,2,0,global,clean,p90.0_val0,,,0.9728,1.0,0.9862,0.1439,0.0397,,,,90.0
sweep,cnn_ae,2,0,global,clean,p92.5_val0,,,0.9754,1.0,0.9876,0.1295,0.0402,,,,92.5
sweep,cnn_ae,2,0,global,clean,p95.0_val0,,,0.9848,1.0,0.9924,0.0791,0.042,,,,95.0
sweep,cnn_ae,2,0,global,clean,p97.0_val0,,,0.9944,1.0,0.9972,0.0288,0.0449,,,,97.0
sweep,cnn_ae,2,0,global,clean,p98.0_val0,,,0.9972,1.0,0.9986,0.0144,0.0461,,,,98.0
sweep,cnn_ae,2,0,global,clean,p99.0_val0,,,0.9986,1.0,0.9993,0.0072,0.0481,,,,99.0
sweep,cnn_ae,2,0,global,clean,p99.5_val0,,,1.0,1.0,1.0,0.0,0.0495,,,,99.5
sweep,cnn_ae,2,0,global,clean,p99.9_val0,,,1.0,1.0,1.0,0.0,0.0501,,,,99.9
ablation,cnn_ae,2,0,global,clean,p99_val0,1.0,1.0,0.9986,1.0,0.9993,0.0072,0.0481,1.0,1.0,1.0,
ablation,cnn_ae,2,0,global,clean,condition_aware,1.0,1.0,0.9986,1.0,0.9993,0.0072,0.0481,1.0,1.0,1.0,
ablation,cnn_ae,2,0,condition,clean,p99_val0,1.0,1.0,0.9986,1.0,0.9993,0.0072,0.0481,1.0,1.0,1.0,
ablation,cnn_ae,2,0,condition,clean,condition_aware,1.0,1.0,0.9986,1.0,0.9993,0.0072,0.0481,1.0,1.0,1.0,
noise,cnn_ae,2,1,global,clean,p99_val0,0.7439,0.8425,0.4561,1.0,0.6265,1.0,0.0481,1.0,1.0,1.0,
noise,cnn_ae,2,1,global,snr20,p99_val0,0.7437,0.8422,0.4561,1.0,0.6265,1.0,0.0481,1.0,1.0,1.0,
noise,cnn_ae,2,1,global,snr10,p99_val0,0.7477,0.8427,0.4561,1.0,0.6265,1.0,0.0481,1.0,1.0,1.0,
noise,cnn_ae,2,1,global,snr5,p99_val0,0.7584,0.8452,0.4561,1.0,0.6265,1.0,0.0481,1.0,1.0,1.0,
threshold,cnn_ae,2,1,global,clean,p99_val0,0.7439,0.8425,0.4561,1.0,0.6265,1.0,0.0481,1.0,1.0,1.0,
threshold,cnn_ae,2,1,global,clean,mean_3std_val0,0.7439,0.8425,0.4561,1.0,0.6265,1.0,0.0479,1.0,1.0,1.0,
threshold,cnn_ae,2,1,global,clean,pot_val0,0.7439,0.8425,0.4561,1.0,0.6265,1.0,0.0502,1.0,1.0,1.0,
threshold,cnn_ae,2,1,global,clean,condition_aware,0.7439,0.8425,0.9613,0.698,0.8088,0.0236,0.1549,1.0,0.0947,1.0,
threshold,cnn_ae,2,1,global,clean,oracle_best_f1 (upper bound),0.7439,0.8425,0.994,0.6952,0.8182,0.0035,0.1619,1.0,0.0863,1.0,
sweep,cnn_ae,2,1,global,clean,p90.0_val0,,,0.4561,1.0,0.6265,1.0,0.0397,,,,90.0
sweep,cnn_ae,2,1,global,clean,p92.5_val0,,,0.4561,1.0,0.6265,1.0,0.0402,,,,92.5
sweep,cnn_ae,2,1,global,clean,p95.0_val0,,,0.4561,1.0,0.6265,1.0,0.042,,,,95.0
sweep,cnn_ae,2,1,global,clean,p97.0_val0,,,0.4561,1.0,0.6265,1.0,0.0449,,,,97.0
sweep,cnn_ae,2,1,global,clean,p98.0_val0,,,0.4561,1.0,0.6265,1.0,0.0461,,,,98.0
sweep,cnn_ae,2,1,global,clean,p99.0_val0,,,0.4561,1.0,0.6265,1.0,0.0481,,,,99.0
sweep,cnn_ae,2,1,global,clean,p99.5_val0,,,0.4561,1.0,0.6265,1.0,0.0495,,,,99.5
sweep,cnn_ae,2,1,global,clean,p99.9_val0,,,0.4561,1.0,0.6265,1.0,0.0501,,,,99.9
ablation,cnn_ae,2,1,global,clean,p99_val0,0.7439,0.8425,0.4561,1.0,0.6265,1.0,0.0481,1.0,1.0,1.0,
ablation,cnn_ae,2,1,global,clean,condition_aware,0.7439,0.8425,0.9613,0.698,0.8088,0.0236,0.1549,1.0,0.0947,1.0,
ablation,cnn_ae,2,1,condition,clean,p99_val0,0.759,0.8508,0.4561,1.0,0.6265,1.0,0.0481,1.0,1.0,1.0,
ablation,cnn_ae,2,1,condition,clean,condition_aware,0.759,0.8508,0.9544,0.7051,0.811,0.0283,0.1877,1.0,0.1158,1.0,
noise,cnn_ae,2,2,global,clean,p99_val0,0.6914,0.8165,0.4555,1.0,0.6259,1.0,0.0481,1.0,1.0,1.0,
noise,cnn_ae,2,2,global,snr20,p99_val0,0.6911,0.8163,0.4555,1.0,0.6259,1.0,0.0481,1.0,1.0,1.0,
noise,cnn_ae,2,2,global,snr10,p99_val0,0.6932,0.8166,0.4555,1.0,0.6259,1.0,0.0481,1.0,1.0,1.0,
noise,cnn_ae,2,2,global,snr5,p99_val0,0.7006,0.8189,0.4555,1.0,0.6259,1.0,0.0481,1.0,1.0,1.0,
threshold,cnn_ae,2,2,global,clean,p99_val0,0.6914,0.8165,0.4555,1.0,0.6259,1.0,0.0481,1.0,1.0,1.0,
threshold,cnn_ae,2,2,global,clean,mean_3std_val0,0.6914,0.8165,0.4555,1.0,0.6259,1.0,0.0479,1.0,1.0,1.0,
threshold,cnn_ae,2,2,global,clean,pot_val0,0.6914,0.8165,0.4555,1.0,0.6259,1.0,0.0502,1.0,1.0,1.0,
threshold,cnn_ae,2,2,global,clean,condition_aware,0.6914,0.8165,0.9788,0.6798,0.8023,0.0123,0.2157,1.0,0.04,1.0,
threshold,cnn_ae,2,2,global,clean,oracle_best_f1 (upper bound),0.6914,0.8165,0.999,0.6777,0.8075,0.0006,0.2282,1.0,0.0337,1.0,
sweep,cnn_ae,2,2,global,clean,p90.0_val0,,,0.4555,1.0,0.6259,1.0,0.0397,,,,90.0
sweep,cnn_ae,2,2,global,clean,p92.5_val0,,,0.4555,1.0,0.6259,1.0,0.0402,,,,92.5
sweep,cnn_ae,2,2,global,clean,p95.0_val0,,,0.4555,1.0,0.6259,1.0,0.042,,,,95.0
sweep,cnn_ae,2,2,global,clean,p97.0_val0,,,0.4555,1.0,0.6259,1.0,0.0449,,,,97.0
sweep,cnn_ae,2,2,global,clean,p98.0_val0,,,0.4555,1.0,0.6259,1.0,0.0461,,,,98.0
sweep,cnn_ae,2,2,global,clean,p99.0_val0,,,0.4555,1.0,0.6259,1.0,0.0481,,,,99.0
sweep,cnn_ae,2,2,global,clean,p99.5_val0,,,0.4555,1.0,0.6259,1.0,0.0495,,,,99.5
sweep,cnn_ae,2,2,global,clean,p99.9_val0,,,0.4555,1.0,0.6259,1.0,0.0501,,,,99.9
ablation,cnn_ae,2,2,global,clean,p99_val0,0.6914,0.8165,0.4555,1.0,0.6259,1.0,0.0481,1.0,1.0,1.0,
ablation,cnn_ae,2,2,global,clean,condition_aware,0.6914,0.8165,0.9788,0.6798,0.8023,0.0123,0.2157,1.0,0.04,1.0,
ablation,cnn_ae,2,2,condition,clean,p99_val0,0.6957,0.8186,0.4555,1.0,0.6259,1.0,0.0481,1.0,1.0,1.0,
ablation,cnn_ae,2,2,condition,clean,condition_aware,0.6957,0.8186,0.9788,0.6805,0.8028,0.0123,0.2781,1.0,0.0421,1.0,
noise,cnn_ae,2,3,global,clean,p99_val0,0.6803,0.8099,0.4558,1.0,0.6262,1.0,0.0481,1.0,1.0,1.0,
noise,cnn_ae,2,3,global,snr20,p99_val0,0.6806,0.81,0.4558,1.0,0.6262,1.0,0.0481,1.0,1.0,1.0,
noise,cnn_ae,2,3,global,snr10,p99_val0,0.6815,0.8101,0.4558,1.0,0.6262,1.0,0.0481,1.0,1.0,1.0,
noise,cnn_ae,2,3,global,snr5,p99_val0,0.6857,0.8108,0.4558,1.0,0.6262,1.0,0.0481,1.0,1.0,1.0,
threshold,cnn_ae,2,3,global,clean,p99_val0,0.6803,0.8099,0.4558,1.0,0.6262,1.0,0.0481,1.0,1.0,1.0,
threshold,cnn_ae,2,3,global,clean,mean_3std_val0,0.6803,0.8099,0.4558,1.0,0.6262,1.0,0.0479,1.0,1.0,1.0,
threshold,cnn_ae,2,3,global,clean,pot_val0,0.6803,0.8099,0.4558,1.0,0.6262,1.0,0.0502,1.0,1.0,1.0,
threshold,cnn_ae,2,3,global,clean,condition_aware,0.6803,0.8099,0.9805,0.6706,0.7965,0.0112,0.2478,1.0,0.0147,1.0,
threshold,cnn_ae,2,3,global,clean,oracle_best_f1 (upper bound),0.6803,0.8099,0.999,0.6699,0.802,0.0006,0.2588,1.0,0.0126,1.0,
sweep,cnn_ae,2,3,global,clean,p90.0_val0,,,0.4558,1.0,0.6262,1.0,0.0397,,,,90.0
sweep,cnn_ae,2,3,global,clean,p92.5_val0,,,0.4558,1.0,0.6262,1.0,0.0402,,,,92.5
sweep,cnn_ae,2,3,global,clean,p95.0_val0,,,0.4558,1.0,0.6262,1.0,0.042,,,,95.0
sweep,cnn_ae,2,3,global,clean,p97.0_val0,,,0.4558,1.0,0.6262,1.0,0.0449,,,,97.0
sweep,cnn_ae,2,3,global,clean,p98.0_val0,,,0.4558,1.0,0.6262,1.0,0.0461,,,,98.0
sweep,cnn_ae,2,3,global,clean,p99.0_val0,,,0.4558,1.0,0.6262,1.0,0.0481,,,,99.0
sweep,cnn_ae,2,3,global,clean,p99.5_val0,,,0.4558,1.0,0.6262,1.0,0.0495,,,,99.5
sweep,cnn_ae,2,3,global,clean,p99.9_val0,,,0.4558,1.0,0.6262,1.0,0.0501,,,,99.9
ablation,cnn_ae,2,3,global,clean,p99_val0,0.6803,0.8099,0.4558,1.0,0.6262,1.0,0.0481,1.0,1.0,1.0,
ablation,cnn_ae,2,3,global,clean,condition_aware,0.6803,0.8099,0.9805,0.6706,0.7965,0.0112,0.2478,1.0,0.0147,1.0,
ablation,cnn_ae,2,3,condition,clean,p99_val0,0.6822,0.8109,0.4558,1.0,0.6262,1.0,0.0481,1.0,1.0,1.0,
ablation,cnn_ae,2,3,condition,clean,condition_aware,0.6822,0.8109,0.9795,0.6706,0.7962,0.0117,0.3063,1.0,0.0147,1.0,
