model,norm,threshold_method,test_load,auc_roc,auc_pr,f1,fpr
iforest,global,p99_val0,0,1.0 ± 0.0,1.0 ± 0.0,1.0 ± 0.0,0.0 ± 0.0
iforest,global,condition_aware,0,1.0 ± 0.0,1.0 ± 0.0,1.0 ± 0.0,0.0 ± 0.0
iforest,condition,p99_val0,0,1.0 ± 0.0,1.0 ± 0.0,1.0 ± 0.0,0.0 ± 0.0
iforest,condition,condition_aware,0,1.0 ± 0.0,1.0 ± 0.0,1.0 ± 0.0,0.0 ± 0.0
iforest,global,p99_val0,1,0.997 ± 0.002,0.996 ± 0.002,0.92 ± 0.024,0.146 ± 0.048
iforest,global,condition_aware,1,0.997 ± 0.002,0.996 ± 0.002,0.886 ± 0.043,0.007 ± 0.002
iforest,condition,p99_val0,1,0.995 ± 0.001,0.99 ± 0.002,0.976 ± 0.004,0.04 ± 0.007
iforest,condition,condition_aware,1,0.995 ± 0.001,0.99 ± 0.002,0.979 ± 0.015,0.021 ± 0.003
iforest,global,p99_val0,2,0.997 ± 0.001,0.995 ± 0.001,0.893 ± 0.034,0.202 ± 0.072
iforest,global,condition_aware,2,0.997 ± 0.001,0.995 ± 0.001,0.844 ± 0.006,0.004 ± 0.0
iforest,condition,p99_val0,2,0.997 ± 0.001,0.996 ± 0.001,0.981 ± 0.002,0.032 ± 0.004
iforest,condition,condition_aware,2,0.997 ± 0.001,0.996 ± 0.001,0.942 ± 0.058,0.009 ± 0.001
iforest,global,p99_val0,3,0.997 ± 0.001,0.995 ± 0.002,0.943 ± 0.017,0.102 ± 0.033
iforest,global,condition_aware,3,0.997 ± 0.001,0.995 ± 0.002,0.947 ± 0.053,0.009 ± 0.001
iforest,condition,p99_val0,3,0.998 ± 0.001,0.998 ± 0.001,0.982 ± 0.001,0.031 ± 0.001
iforest,condition,condition_aware,3,0.998 ± 0.001,0.998 ± 0.001,0.915 ± 0.072,0.005 ± 0.001
cnn_ae,global,p99_val0,0,1.0 ± 0.0,1.0 ± 0.0,0.999 ± 0.001,0.012 ± 0.004
cnn_ae,global,condition_aware,0,1.0 ± 0.0,1.0 ± 0.0,0.999 ± 0.001,0.012 ± 0.004
cnn_ae,condition,p99_val0,0,1.0 ± 0.0,1.0 ± 0.0,0.999 ± 0.001,0.012 ± 0.004
cnn_ae,condition,condition_aware,0,1.0 ± 0.0,1.0 ± 0.0,0.999 ± 0.001,0.012 ± 0.004
cnn_ae,global,p99_val0,1,0.746 ± 0.034,0.843 ± 0.017,0.626 ± 0.0,1.0 ± 0.0
cnn_ae,global,condition_aware,1,0.746 ± 0.034,0.843 ± 0.017,0.808 ± 0.007,0.022 ± 0.004
cnn_ae,condition,p99_val0,1,0.76 ± 0.043,0.851 ± 0.021,0.626 ± 0.0,1.0 ± 0.0
cnn_ae,condition,condition_aware,1,0.76 ± 0.043,0.851 ± 0.021,0.812 ± 0.012,0.023 ± 0.007
cnn_ae,global,p99_val0,2,0.693 ± 0.021,0.816 ± 0.01,0.626 ± 0.0,1.0 ± 0.0
cnn_ae,global,condition_aware,2,0.693 ± 0.021,0.816 ± 0.01,0.8 ± 0.005,0.012 ± 0.002
cnn_ae,condition,p99_val0,2,0.697 ± 0.024,0.818 ± 0.012,0.626 ± 0.0,1.0 ± 0.0
cnn_ae,condition,condition_aware,2,0.697 ± 0.024,0.818 ± 0.012,0.801 ± 0.004,0.012 ± 0.003
cnn_ae,global,p99_val0,3,0.683 ± 0.015,0.811 ± 0.007,0.626 ± 0.0,1.0 ± 0.0
cnn_ae,global,condition_aware,3,0.683 ± 0.015,0.811 ± 0.007,0.799 ± 0.002,0.005 ± 0.005
cnn_ae,condition,p99_val0,3,0.684 ± 0.017,0.811 ± 0.008,0.626 ± 0.0,1.0 ± 0.0
cnn_ae,condition,condition_aware,3,0.684 ± 0.017,0.811 ± 0.008,0.799 ± 0.002,0.006 ± 0.006
