model,q,test_load,f1_mean,f1_std,fpr_mean,fpr_std
cnn_ae,90.0,0,0.9882,0.0021,0.1223,0.0216
cnn_ae,90.0,1,0.6265,0.0,1.0,0.0
cnn_ae,90.0,2,0.6257,0.0002,1.0,0.0
cnn_ae,90.0,3,0.6262,0.0,1.0,0.0
cnn_ae,92.5,0,0.9898,0.0024,0.1055,0.0253
cnn_ae,92.5,1,0.6265,0.0,1.0,0.0
cnn_ae,92.5,2,0.6257,0.0002,1.0,0.0
cnn_ae,92.5,3,0.6262,0.0,1.0,0.0
cnn_ae,95.0,0,0.9926,0.0011,0.0767,0.011
cnn_ae,95.0,1,0.6265,0.0,1.0,0.0
cnn_ae,95.0,2,0.6257,0.0002,1.0,0.0
cnn_ae,95.0,3,0.6262,0.0,1.0,0.0
cnn_ae,97.0,0,0.9951,0.0025,0.0504,0.0259
cnn_ae,97.0,1,0.6264,0.0002,1.0,0.0
cnn_ae,97.0,2,0.6257,0.0002,1.0,0.0
cnn_ae,97.0,3,0.6262,0.0,1.0,0.0
cnn_ae,98.0,0,0.9958,0.0028,0.0432,0.0288
cnn_ae,98.0,1,0.6264,0.0002,1.0,0.0
cnn_ae,98.0,2,0.6257,0.0002,1.0,0.0
cnn_ae,98.0,3,0.6262,0.0,1.0,0.0
cnn_ae,99.0,0,0.9986,0.0007,0.012,0.0042
cnn_ae,99.0,1,0.6261,0.0003,1.0,0.0
cnn_ae,99.0,2,0.6257,0.0002,1.0,0.0
cnn_ae,99.0,3,0.6262,0.0,1.0,0.0
cnn_ae,99.5,0,0.9991,0.0011,0.0048,0.0042
cnn_ae,99.5,1,0.6259,0.0006,1.0,0.0
cnn_ae,99.5,2,0.6256,0.0003,1.0,0.0
cnn_ae,99.5,3,0.6262,0.0,1.0,0.0
cnn_ae,99.9,0,0.9991,0.0011,0.0,0.0
cnn_ae,99.9,1,0.6255,0.0013,1.0,0.0
cnn_ae,99.9,2,0.6256,0.0003,1.0,0.0
cnn_ae,99.9,3,0.6262,0.0,1.0,0.0
iforest,90.0,0,0.9972,0.0007,0.0288,0.0072
iforest,90.0,1,0.7182,0.0073,0.6584,0.0237
iforest,90.0,2,0.6621,0.0052,0.8541,0.0199
iforest,90.0,3,0.7123,0.008,0.6766,0.0266
iforest,92.5,0,0.9986,0.0,0.0144,0.0
iforest,92.5,1,0.743,0.0068,0.5803,0.0208
iforest,92.5,2,0.6807,0.0054,0.7852,0.0197
iforest,92.5,3,0.7423,0.0087,0.5818,0.0265
iforest,95.0,0,0.9988,0.0004,0.012,0.0042
iforest,95.0,1,0.7785,0.0129,0.4776,0.0359
iforest,95.0,2,0.7105,0.0144,0.6823,0.0482
iforest,95.0,3,0.7814,0.0156,0.4691,0.0433
iforest,97.0,0,0.9988,0.0004,0.012,0.0042
iforest,97.0,1,0.8134,0.0344,0.3873,0.0882
iforest,97.0,2,0.7461,0.0403,0.5738,0.1222
iforest,97.0,3,0.8252,0.044,0.3588,0.1096
iforest,98.0,0,0.9993,0.0,0.0072,0.0
iforest,98.0,1,0.8878,0.0302,0.2134,0.0656
iforest,98.0,2,0.8474,0.0446,0.3051,0.1074
iforest,98.0,3,0.9119,0.0308,0.1633,0.0634
iforest,99.0,0,1.0,0.0,0.0,0.0
iforest,99.0,1,0.9201,0.0239,0.1464,0.0477
iforest,99.0,2,0.8933,0.0341,0.2017,0.0718
iforest,99.0,3,0.9428,0.0173,0.1021,0.0329
iforest,99.5,0,1.0,0.0,0.0,0.0
iforest,99.5,1,0.9506,0.014,0.0874,0.0261
iforest,99.5,2,0.9362,0.0157,0.1144,0.03
iforest,99.5,3,0.9655,0.0068,0.0599,0.0122
iforest,99.9,0,0.9998,0.0004,0.0,0.0
iforest,99.9,1,0.973,0.0047,0.0452,0.0094
iforest,99.9,2,0.9712,0.0045,0.0488,0.0087
iforest,99.9,3,0.9787,0.0026,0.0346,0.0068
