model,seed,snr_db,load,auc_roc,auc_pr,precision,recall,f1,fpr
iforest,0,20,0,1.0,1.0,1.0,1.0,1.0,0.0
iforest,0,20,1,0.9894183740912095,0.986132578274078,0.7722342733188721,1.0,0.8714810281517748,0.24705882352941178
iforest,0,20,2,0.9882629107981221,0.9843896107945616,0.7142857142857143,1.0,0.8333333333333334,0.3333333333333333
iforest,0,20,3,0.9931615838823793,0.9908135639336325,0.802247191011236,1.0,0.8902743142144638,0.20657276995305165
iforest,0,10,0,1.0,1.0,0.9971988795518207,1.0,0.9985974754558204,0.02857142857142857
iforest,0,10,1,0.9928684732319895,0.9806138778472412,0.898989898989899,1.0,0.9468085106382979,0.09411764705882353
iforest,0,10,2,0.9938834887257819,0.9916851346559202,0.8658536585365854,1.0,0.9281045751633987,0.12910798122065728
iforest,0,10,3,0.997212030352047,0.9963055335446354,0.9107142857142857,1.0,0.9532710280373832,0.08215962441314555
iforest,0,5,0,0.9392455858747993,0.99344459916404,0.9222797927461139,1.0,0.9595687331536388,0.8571428571428571
iforest,0,5,1,0.9869200264375413,0.9703779806733877,0.8476190476190476,1.0,0.9175257731958762,0.15058823529411763
iforest,0,5,2,0.9960523705613966,0.9944844229369936,0.931758530183727,1.0,0.9646739130434783,0.06103286384976526
iforest,0,5,3,0.9919582856616825,0.989358599053176,0.9083969465648855,1.0,0.952,0.08450704225352113
iforest,1,20,0,1.0,0.9999999999999999,1.0,1.0,1.0,0.0
iforest,1,20,1,0.9888962326503635,0.9856520819127288,0.7655913978494624,1.0,0.8672350791717418,0.2564705882352941
iforest,1,20,2,0.9873041063281095,0.9817424255334595,0.7001972386587771,1.0,0.8236658932714617,0.3568075117370892
iforest,1,20,3,0.9921029444641706,0.9892387451464932,0.8188073394495413,1.0,0.9003783102143758,0.18544600938967137
iforest,1,10,0,0.9974317817014446,0.9997365931650741,0.9971988795518207,1.0,0.9985974754558204,0.02857142857142857
iforest,1,10,1,0.9923132848645075,0.9837045445585445,0.8877805486284289,1.0,0.940554821664465,0.10588235294117647
iforest,1,10,2,0.9933611056007406,0.991023505312558,0.8554216867469879,1.0,0.922077922077922,0.14084507042253522
iforest,1,10,3,0.9983824515721782,0.9978839024281614,0.937007874015748,1.0,0.967479674796748,0.056338028169014086
iforest,1,5,0,0.9480738362760834,0.9944364166572073,0.9368421052631579,1.0,0.967391304347826,0.6857142857142857
iforest,1,5,1,0.9871976206212822,0.9832630567385167,0.8578313253012049,1.0,0.9234760051880675,0.1388235294117647
iforest,1,5,2,0.9963499305693315,0.9950025126250743,0.962059620596206,1.0,0.9806629834254144,0.03286384976525822
iforest,1,5,3,0.9913730750516169,0.9886771939615424,0.9248704663212435,1.0,0.9609690444145357,0.06807511737089202
iforest,2,20,0,1.0,1.0,1.0,1.0,1.0,0.0
iforest,2,20,1,0.9946530072703239,0.9927216891708268,0.8922305764411027,1.0,0.9430463576158941,0.1011764705882353
iforest,2,20,2,0.9950737287575216,0.9932466795575831,0.8808933002481389,1.0,0.9366754617414248,0.11267605633802817
iforest,2,20,3,0.9953577675201536,0.9936081005843302,0.9296875,1.0,0.9635627530364372,0.06338028169014084
iforest,2,10,0,1.0,1.0,0.994413407821229,1.0,0.9971988795518207,0.05714285714285714
iforest,2,10,1,0.9938003965631197,0.9870354239250274,0.9442970822281167,1.0,0.9713506139154161,0.04941176470588235
iforest,2,10,2,0.9955498247702175,0.9939482084457232,0.9491978609625669,1.0,0.9739368998628258,0.04460093896713615
iforest,2,10,3,0.9984547809734222,0.9977636876237442,0.9622641509433962,1.0,0.9807692307692307,0.03286384976525822
iforest,2,5,0,0.9035313001605136,0.989192581973364,0.9393139841688655,1.0,0.9687074829931973,0.6571428571428571
iforest,2,5,1,0.9803502974223397,0.9695885859881753,0.8682926829268293,1.0,0.9295039164490861,0.12705882352941175
iforest,2,5,2,0.995331614097732,0.9933015541354784,0.9568733153638814,1.0,0.977961432506887,0.03755868544600939
iforest,2,5,3,0.9922870556673373,0.9898391678127456,0.9107142857142857,1.0,0.9532710280373832,0.08215962441314555
cnn_ae,0,20,0,1.0,1.0,0.9468085106382979,1.0,0.9726775956284153,0.5714285714285714
cnn_ae,0,20,1,1.0,1.0,0.714859437751004,1.0,0.8337236533957846,0.3341176470588235
cnn_ae,0,20,2,1.0,0.9999999999999999,0.7537154989384289,1.0,0.8595641646489104,0.27230046948356806
cnn_ae,0,20,3,1.0,0.9999999999999999,0.6787072243346007,1.0,0.8086070215175538,0.3967136150234742
cnn_ae,0,10,0,1.0,1.0,0.9104859335038363,1.0,0.9531459170013387,1.0
cnn_ae,0,10,1,1.0,1.0,0.4558258642765685,1.0,0.6262093227792436,1.0
cnn_ae,0,10,2,1.0,0.9999999999999999,0.45454545454545453,1.0,0.625,1.0
cnn_ae,0,10,3,1.0,0.9999999999999999,0.4559386973180077,1.0,0.6263157894736842,1.0
cnn_ae,0,5,0,1.0,1.0,0.9104859335038363,1.0,0.9531459170013387,1.0
cnn_ae,0,5,1,1.0,1.0,0.4558258642765685,1.0,0.6262093227792436,1.0
cnn_ae,0,5,2,1.0,0.9999999999999999,0.45454545454545453,1.0,0.625,1.0
cnn_ae,0,5,3,1.0,0.9999999999999999,0.4559386973180077,1.0,0.6263157894736842,1.0
cnn_ae,1,20,0,1.0,1.0,0.956989247311828,1.0,0.978021978021978,0.45714285714285713
cnn_ae,1,20,1,1.0,1.0,0.6872586872586872,1.0,0.8146453089244852,0.3811764705882353
cnn_ae,1,20,2,1.0,0.9999999999999999,0.6749049429657795,1.0,0.8059023836549376,0.4014084507042254
cnn_ae,1,20,3,1.0,0.9999999999999999,0.5891089108910891,1.0,0.7414330218068536,0.5845070422535211
cnn_ae,1,10,0,1.0,1.0,0.9104859335038363,1.0,0.9531459170013387,1.0
cnn_ae,1,10,1,1.0,1.0,0.4558258642765685,1.0,0.6262093227792436,1.0
cnn_ae,1,10,2,1.0,0.9999999999999999,0.45454545454545453,1.0,0.625,1.0
cnn_ae,1,10,3,1.0,0.9999999999999999,0.4559386973180077,1.0,0.6263157894736842,1.0
cnn_ae,1,5,0,1.0,1.0,0.9104859335038363,1.0,0.9531459170013387,1.0
cnn_ae,1,5,1,1.0,1.0,0.4558258642765685,1.0,0.6262093227792436,1.0
cnn_ae,1,5,2,1.0,0.9999999999999999,0.45454545454545453,1.0,0.625,1.0
cnn_ae,1,5,3,1.0,0.9999999999999999,0.4559386973180077,1.0,0.6263157894736842,1.0
cnn_ae,2,20,0,1.0,1.0,0.9270833333333334,1.0,0.9621621621621622,0.8
cnn_ae,2,20,1,1.0,1.0,0.6300884955752213,1.0,0.7730727470141151,0.49176470588235294
cnn_ae,2,20,2,1.0,0.9999999999999999,0.6396396396396397,1.0,0.7802197802197802,0.4694835680751174
cnn_ae,2,20,3,1.0,0.9999999999999999,0.5786061588330632,1.0,0.7330595482546202,0.6103286384976526
cnn_ae,2,10,0,1.0,1.0,0.9104859335038363,1.0,0.9531459170013387,1.0
cnn_ae,2,10,1,1.0,1.0,0.4558258642765685,1.0,0.6262093227792436,1.0
cnn_ae,2,10,2,1.0,0.9999999999999999,0.45454545454545453,1.0,0.625,1.0
cnn_ae,2,10,3,1.0,0.9999999999999999,0.4559386973180077,1.0,0.6263157894736842,1.0
cnn_ae,2,5,0,1.0,1.0,0.9104859335038363,1.0,0.9531459170013387,1.0
cnn_ae,2,5,1,1.0,1.0,0.4558258642765685,1.0,0.6262093227792436,1.0
cnn_ae,2,5,2,1.0,0.9999999999999999,0.45454545454545453,1.0,0.625,1.0
cnn_ae,2,5,3,1.0,0.9999999999999999,0.4559386973180077,1.0,0.6263157894736842,1.0
