model,seed,strategy,load,threshold,precision,recall,f1,fpr
iforest,0,p99,0,0.6338267391792092,0.9971988795518207,1.0,0.9985974754558204,0.02857142857142857
iforest,0,mean3s,0,0.6572743200212338,1.0,1.0,1.0,0.0
iforest,0,pot,0,0.6469060377610226,0.9971988795518207,1.0,0.9985974754558204,0.02857142857142857
iforest,0,per_condition,0,0.6338267391792092,0.9971988795518207,1.0,0.9985974754558204,0.02857142857142857
iforest,0,oracle,0,0.6712102457550284,1.0,1.0,1.0,0.0
iforest,0,p99,1,0.6338267391792092,0.7542372881355932,1.0,0.8599033816425121,0.27294117647058824
iforest,0,mean3s,1,0.6572743200212338,0.8557692307692307,1.0,0.9222797927461139,0.1411764705882353
iforest,0,pot,1,0.6469060377610226,0.8183908045977012,1.0,0.900126422250316,0.18588235294117647
iforest,0,per_condition,1,0.7160101346572041,0.9798387096774194,0.6825842696629213,0.804635761589404,0.011764705882352941
iforest,0,oracle,1,0.6719204887463905,0.921875,0.9943820224719101,0.9567567567567568,0.07058823529411765
iforest,0,p99,2,0.6338267391792092,0.6840077071290944,1.0,0.8123569794050344,0.38497652582159625
iforest,0,mean3s,2,0.6572743200212338,0.8679706601466992,1.0,0.9293193717277487,0.1267605633802817
iforest,0,pot,2,0.6469060377610226,0.797752808988764,1.0,0.8875,0.2112676056338028
iforest,0,per_condition,2,0.7191663919873945,0.9916666666666667,0.6704225352112676,0.8,0.004694835680751174
iforest,0,oracle,2,0.6706265798122371,0.9102564102564102,1.0,0.9530201342281879,0.08215962441314555
iforest,0,p99,3,0.6338267391792092,0.7915742793791575,1.0,0.8836633663366337,0.22065727699530516
iforest,0,mean3s,3,0.6572743200212338,0.9130434782608695,1.0,0.9545454545454546,0.07981220657276995
iforest,0,pot,3,0.6469060377610226,0.866504854368932,1.0,0.9284785435630689,0.12910798122065728
iforest,0,per_condition,3,0.7092144983243996,0.9880478087649402,0.6946778711484594,0.8157894736842105,0.007042253521126761
iforest,0,oracle,3,0.6715124630119234,0.956989247311828,0.9971988795518207,0.9766803840877915,0.03755868544600939
iforest,1,p99,0,0.6472603537123169,0.9971988795518207,1.0,0.9985974754558204,0.02857142857142857
iforest,1,mean3s,0,0.660910671371559,0.9971988795518207,1.0,0.9985974754558204,0.02857142857142857
iforest,1,pot,0,0.6828612218520099,1.0,0.8904494382022472,0.9420505200594353,0.0
iforest,1,per_condition,0,0.6472603537123169,0.9971988795518207,1.0,0.9985974754558204,0.02857142857142857
iforest,1,oracle,0,0.6672370119425479,1.0,1.0,1.0,0.0
iforest,1,p99,1,0.6472603537123169,0.7542372881355932,1.0,0.8599033816425121,0.27294117647058824
iforest,1,mean3s,1,0.660910671371559,0.8337236533957846,1.0,0.909323116219668,0.16705882352941176
iforest,1,pot,1,0.6828612218520099,0.9406528189910979,0.8904494382022472,0.9148629148629148,0.047058823529411764
iforest,1,per_condition,1,0.7215502077975883,0.9799196787148594,0.6853932584269663,0.8066115702479338,0.011764705882352941
iforest,1,oracle,1,0.6699952463621046,0.885286783042394,0.9971910112359551,0.9379128137384413,0.10823529411764705
iforest,1,p99,2,0.6472603537123169,0.6787762906309751,1.0,0.8086560364464692,0.39436619718309857
iforest,1,mean3s,2,0.660910671371559,0.8160919540229885,1.0,0.8987341772151899,0.18779342723004694
iforest,1,pot,2,0.6828612218520099,0.9378698224852071,0.8929577464788733,0.9148629148629148,0.04929577464788732
iforest,1,per_condition,2,0.7257364215603134,0.99581589958159,0.6704225352112676,0.8013468013468014,0.002347417840375587
iforest,1,oracle,2,0.6730240723361488,0.9095607235142119,0.9915492957746479,0.9487870619946092,0.08215962441314555
iforest,1,p99,3,0.6472603537123169,0.8040540540540541,1.0,0.8913857677902621,0.20422535211267606
iforest,1,mean3s,3,0.660910671371559,0.8858560794044665,1.0,0.9394736842105263,0.107981220657277
iforest,1,pot,3,0.6828612218520099,0.9660493827160493,0.876750700280112,0.9192364170337739,0.025821596244131457
iforest,1,per_condition,3,0.7112727660275371,0.9803149606299213,0.6974789915966386,0.8150572831423896,0.011737089201877934
iforest,1,oracle,3,0.6716483657647224,0.9444444444444444,1.0,0.9714285714285714,0.04929577464788732
iforest,2,p99,0,0.6490337241249492,1.0,1.0,1.0,0.0
iforest,2,mean3s,0,0.6587906106335558,1.0,1.0,1.0,0.0
iforest,2,pot,0,0.6759955329538573,1.0,0.9859550561797753,0.9929278642149929,0.0
iforest,2,per_condition,0,0.6490337241249492,1.0,1.0,1.0,0.0
iforest,2,oracle,0,0.6688964536052733,1.0,1.0,1.0,0.0
iforest,2,p99,1,0.6490337241249492,0.8790123456790123,1.0,0.9356110381077529,0.11529411764705882
iforest,2,mean3s,1,0.6587906106335558,0.9343832020997376,1.0,0.966078697421981,0.058823529411764705
iforest,2,pot,1,0.6759955329538573,0.9671232876712329,0.9915730337078652,0.9791955617198336,0.02823529411764706
iforest,2,per_condition,1,0.7012702125901548,0.9785714285714285,0.7696629213483146,0.8616352201257862,0.01411764705882353
iforest,2,oracle,1,0.6755834213058057,0.9673024523160763,0.9971910112359551,0.9820193637621023,0.02823529411764706
iforest,2,p99,2,0.6490337241249492,0.8765432098765432,1.0,0.9342105263157895,0.11737089201877934
iforest,2,mean3s,2,0.6587906106335558,0.9244791666666666,1.0,0.9607577807848444,0.06807511737089202
iforest,2,pot,2,0.6759955329538573,0.9722991689750693,0.9887323943661972,0.9804469273743017,0.023474178403755867
iforest,2,per_condition,2,0.715814341035073,0.9916666666666667,0.6704225352112676,0.8,0.004694835680751174
iforest,2,oracle,2,0.6746220973300677,0.9725274725274725,0.9971830985915493,0.9847009735744089,0.023474178403755867
iforest,2,p99,3,0.6490337241249492,0.9224806201550387,1.0,0.9596774193548387,0.07042253521126761
iforest,2,mean3s,3,0.6587906106335558,0.9596774193548387,1.0,0.9794238683127572,0.035211267605633804
iforest,2,pot,3,0.6759955329538573,0.9775910364145658,0.9775910364145658,0.9775910364145658,0.018779342723004695
iforest,2,per_condition,3,0.6993780170478936,0.9818181818181818,0.7563025210084033,0.8544303797468354,0.011737089201877934
iforest,2,oracle,3,0.671719290079298,0.970108695652174,1.0,0.9848275862068966,0.025821596244131457
cnn_ae,0,p99,0,0.011410616338253021,1.0,1.0,1.0,0.0
cnn_ae,0,mean3s,0,0.011066586710512638,1.0,1.0,1.0,0.0
cnn_ae,0,pot,0,0.013959355084705825,1.0,1.0,1.0,0.0
cnn_ae,0,per_condition,0,0.011410616338253021,1.0,1.0,1.0,0.0
cnn_ae,0,oracle,0,2.4308300018310542,1.0,1.0,1.0,0.0
cnn_ae,0,p99,1,0.011410616338253021,0.9861495844875346,1.0,0.99302649930265,0.011764705882352941
cnn_ae,0,mean3s,1,0.011066586710512638,0.9861495844875346,1.0,0.99302649930265,0.011764705882352941
cnn_ae,0,pot,1,0.013959355084705825,0.994413407821229,1.0,0.9971988795518207,0.004705882352941176
cnn_ae,0,per_condition,1,0.013174623250961304,0.994413407821229,1.0,0.9971988795518207,0.004705882352941176
cnn_ae,0,oracle,1,2.627062559127807,1.0,1.0,1.0,0.0
cnn_ae,0,p99,2,0.011410616338253021,1.0,1.0,1.0,0.0
cnn_ae,0,mean3s,2,0.011066586710512638,0.9943977591036415,1.0,0.9971910112359551,0.004694835680751174
cnn_ae,0,pot,2,0.013959355084705825,1.0,1.0,1.0,0.0
cnn_ae,0,per_condition,2,0.009502094238996506,0.977961432506887,1.0,0.9888579387186629,0.018779342723004695
cnn_ae,0,oracle,2,3.1108589172363277,1.0,1.0,1.0,0.0
cnn_ae,0,p99,3,0.011410616338253021,0.9780821917808219,1.0,0.9889196675900277,0.018779342723004695
cnn_ae,0,mean3s,3,0.011066586710512638,0.9754098360655737,1.0,0.9875518672199171,0.02112676056338028
cnn_ae,0,pot,3,0.013959355084705825,0.9916666666666667,1.0,0.99581589958159,0.007042253521126761
cnn_ae,0,per_condition,3,0.011340783908963203,0.9780821917808219,1.0,0.9889196675900277,0.018779342723004695
cnn_ae,0,oracle,3,2.6287891864776607,1.0,1.0,1.0,0.0
cnn_ae,1,p99,0,0.011290824972093105,1.0,1.0,1.0,0.0
cnn_ae,1,mean3s,0,0.010531194508075714,1.0,1.0,1.0,0.0
cnn_ae,1,pot,0,0.012631452379337249,1.0,1.0,1.0,0.0
cnn_ae,1,per_condition,0,0.011290824972093105,1.0,1.0,1.0,0.0
cnn_ae,1,oracle,0,2.4385282993316646,1.0,1.0,1.0,0.0
cnn_ae,1,p99,1,0.011290824972093105,0.9916434540389972,1.0,0.9958041958041958,0.007058823529411765
cnn_ae,1,mean3s,1,0.010531194508075714,0.9807162534435262,1.0,0.9902642559109874,0.01647058823529412
cnn_ae,1,pot,1,0.012631452379337249,0.994413407821229,1.0,0.9971988795518207,0.004705882352941176
cnn_ae,1,per_condition,1,0.012235067784786224,0.994413407821229,1.0,0.9971988795518207,0.004705882352941176
cnn_ae,1,oracle,1,2.625721931457519,1.0,1.0,1.0,0.0
cnn_ae,1,p99,2,0.011290824972093105,0.9943977591036415,1.0,0.9971910112359551,0.004694835680751174
cnn_ae,1,mean3s,2,0.010531194508075714,0.977961432506887,1.0,0.9888579387186629,0.018779342723004695
cnn_ae,1,pot,2,0.012631452379337249,0.9971910112359551,1.0,0.9985935302390999,0.002347417840375587
cnn_ae,1,per_condition,2,0.01157424133270979,0.9943977591036415,1.0,0.9971910112359551,0.004694835680751174
cnn_ae,1,oracle,2,3.0827848911285396,1.0,1.0,1.0,0.0
cnn_ae,1,p99,3,0.011290824972093105,0.9622641509433962,1.0,0.9807692307692307,0.03286384976525822
cnn_ae,1,mean3s,3,0.010531194508075714,0.946949602122016,1.0,0.9727520435967303,0.046948356807511735
cnn_ae,1,pot,3,0.012631452379337249,0.9834710743801653,1.0,0.9916666666666667,0.014084507042253521
cnn_ae,1,per_condition,3,0.011770887300372124,0.9780821917808219,1.0,0.9889196675900277,0.018779342723004695
cnn_ae,1,oracle,3,2.6440732479095455,1.0,1.0,1.0,0.0
cnn_ae,2,p99,0,0.010650013573467731,1.0,1.0,1.0,0.0
cnn_ae,2,mean3s,0,0.01045433059334755,1.0,1.0,1.0,0.0
cnn_ae,2,pot,0,0.012020236014307344,1.0,1.0,1.0,0.0
cnn_ae,2,per_condition,0,0.010650013573467731,1.0,1.0,1.0,0.0
cnn_ae,2,oracle,0,2.4580235481262203,1.0,1.0,1.0,0.0
cnn_ae,2,p99,1,0.010650013573467731,0.9916434540389972,1.0,0.9958041958041958,0.007058823529411765
cnn_ae,2,mean3s,1,0.01045433059334755,0.9861495844875346,1.0,0.99302649930265,0.011764705882352941
cnn_ae,2,pot,1,0.012020236014307344,0.9971988795518207,1.0,0.9985974754558204,0.002352941176470588
cnn_ae,2,per_condition,1,0.011357410810887814,0.994413407821229,1.0,0.9971988795518207,0.004705882352941176
cnn_ae,2,oracle,1,2.6899783611297603,1.0,1.0,1.0,0.0
cnn_ae,2,p99,2,0.010650013573467731,1.0,1.0,1.0,0.0
cnn_ae,2,mean3s,2,0.01045433059334755,1.0,1.0,1.0,0.0
cnn_ae,2,pot,2,0.012020236014307344,1.0,1.0,1.0,0.0
cnn_ae,2,per_condition,2,0.010281209833920002,1.0,1.0,1.0,0.0
cnn_ae,2,oracle,2,3.1283898353576656,1.0,1.0,1.0,0.0
cnn_ae,2,p99,3,0.010650013573467731,0.9727520435967303,1.0,0.9861878453038674,0.023474178403755867
cnn_ae,2,mean3s,3,0.01045433059334755,0.967479674796748,1.0,0.9834710743801653,0.028169014084507043
cnn_ae,2,pot,3,0.012020236014307344,0.9861878453038674,1.0,0.9930458970792768,0.011737089201877934
cnn_ae,2,per_condition,3,0.01173324603587389,0.9807692307692307,1.0,0.9902912621359223,0.01643192488262911
cnn_ae,2,oracle,3,2.677942276000976,1.0,1.0,1.0,0.0
