model,threshold_method,test_load,precision,recall,f1,fpr,threshold
iforest,p99_val0,0,1.0 ± 0.0,1.0 ± 0.0,1.0 ± 0.0,0.0 ± 0.0,0.65 ± 0.007
iforest,mean_3std_val0,0,1.0 ± 0.0,1.0 ± 0.0,1.0 ± 0.0,0.0 ± 0.0,0.655 ± 0.001
iforest,pot_val0,0,1.0 ± 0.0,0.997 ± 0.005,0.999 ± 0.002,0.0 ± 0.0,0.674 ± 0.004
iforest,condition_aware,0,1.0 ± 0.0,1.0 ± 0.0,1.0 ± 0.0,0.0 ± 0.0,0.65 ± 0.007
iforest,oracle_best_f1 (upper bound),0,1.0 ± 0.0,1.0 ± 0.0,1.0 ± 0.0,0.0 ± 0.0,0.645 ± 0.007
iforest,p99_val0,1,0.853 ± 0.041,1.0 ± 0.0,0.92 ± 0.024,0.146 ± 0.048,0.65 ± 0.007
iforest,mean_3std_val0,1,0.883 ± 0.024,1.0 ± 0.0,0.937 ± 0.014,0.112 ± 0.026,0.655 ± 0.001
iforest,pot_val0,1,0.955 ± 0.006,0.998 ± 0.004,0.976 ± 0.003,0.039 ± 0.006,0.674 ± 0.004
iforest,condition_aware,1,0.99 ± 0.001,0.805 ± 0.073,0.886 ± 0.043,0.007 ± 0.002,0.711 ± 0.003
iforest,oracle_best_f1 (upper bound),1,0.974 ± 0.009,0.997 ± 0.006,0.985 ± 0.007,0.023 ± 0.008,0.687 ± 0.009
iforest,p99_val0,2,0.808 ± 0.056,1.0 ± 0.0,0.893 ± 0.034,0.202 ± 0.072,0.65 ± 0.007
iforest,mean_3std_val0,2,0.848 ± 0.03,1.0 ± 0.0,0.917 ± 0.018,0.151 ± 0.035,0.655 ± 0.001
iforest,pot_val0,2,0.953 ± 0.01,0.999 ± 0.002,0.975 ± 0.004,0.042 ± 0.009,0.674 ± 0.004
iforest,condition_aware,2,0.994 ± 0.0,0.734 ± 0.008,0.844 ± 0.006,0.004 ± 0.0,0.721 ± 0.002
iforest,oracle_best_f1 (upper bound),2,0.976 ± 0.012,0.998 ± 0.002,0.987 ± 0.007,0.021 ± 0.011,0.688 ± 0.01
iforest,p99_val0,3,0.892 ± 0.031,1.0 ± 0.0,0.943 ± 0.017,0.102 ± 0.033,0.65 ± 0.007
iforest,mean_3std_val0,3,0.915 ± 0.012,1.0 ± 0.0,0.956 ± 0.007,0.078 ± 0.012,0.655 ± 0.001
iforest,pot_val0,3,0.965 ± 0.006,0.996 ± 0.007,0.98 ± 0.002,0.031 ± 0.006,0.674 ± 0.004
iforest,condition_aware,3,0.988 ± 0.003,0.912 ± 0.093,0.947 ± 0.053,0.009 ± 0.001,0.699 ± 0.002
iforest,oracle_best_f1 (upper bound),3,0.979 ± 0.012,0.999 ± 0.001,0.989 ± 0.007,0.018 ± 0.01,0.687 ± 0.011
cnn_ae,p99_val0,0,0.998 ± 0.001,1.0 ± 0.001,0.999 ± 0.001,0.012 ± 0.004,0.046 ± 0.004
cnn_ae,mean_3std_val0,0,0.999 ± 0.0,1.0 ± 0.001,0.999 ± 0.0,0.007 ± 0.0,0.048 ± 0.004
cnn_ae,pot_val0,0,1.0 ± 0.0,0.998 ± 0.002,0.999 ± 0.001,0.0 ± 0.0,0.051 ± 0.002
cnn_ae,condition_aware,0,0.998 ± 0.001,1.0 ± 0.001,0.999 ± 0.001,0.012 ± 0.004,0.046 ± 0.004
cnn_ae,oracle_best_f1 (upper bound),0,0.999 ± 0.002,1.0 ± 0.0,1.0 ± 0.001,0.005 ± 0.008,0.048 ± 0.002
cnn_ae,p99_val0,1,0.456 ± 0.0,0.999 ± 0.001,0.626 ± 0.0,1.0 ± 0.0,0.046 ± 0.004
cnn_ae,mean_3std_val0,1,0.456 ± 0.0,0.999 ± 0.001,0.626 ± 0.0,1.0 ± 0.0,0.048 ± 0.004
cnn_ae,pot_val0,1,0.455 ± 0.001,0.997 ± 0.004,0.625 ± 0.002,1.0 ± 0.0,0.051 ± 0.002
cnn_ae,condition_aware,1,0.964 ± 0.007,0.695 ± 0.008,0.808 ± 0.007,0.022 ± 0.004,0.137 ± 0.022
cnn_ae,oracle_best_f1 (upper bound),1,0.996 ± 0.001,0.69 ± 0.01,0.815 ± 0.006,0.003 ± 0.001,0.144 ± 0.023
cnn_ae,p99_val0,2,0.455 ± 0.0,1.0 ± 0.0,0.626 ± 0.0,1.0 ± 0.0,0.046 ± 0.004
cnn_ae,mean_3std_val0,2,0.455 ± 0.0,1.0 ± 0.0,0.626 ± 0.0,1.0 ± 0.0,0.048 ± 0.004
cnn_ae,pot_val0,2,0.455 ± 0.0,0.999 ± 0.001,0.626 ± 0.0,1.0 ± 0.0,0.051 ± 0.002
cnn_ae,condition_aware,2,0.98 ± 0.002,0.676 ± 0.008,0.8 ± 0.005,0.012 ± 0.002,0.187 ± 0.038
cnn_ae,oracle_best_f1 (upper bound),2,0.999 ± 0.001,0.674 ± 0.006,0.805 ± 0.004,0.0 ± 0.0,0.219 ± 0.063
cnn_ae,p99_val0,3,0.456 ± 0.0,1.0 ± 0.0,0.626 ± 0.0,1.0 ± 0.0,0.046 ± 0.004
cnn_ae,mean_3std_val0,3,0.456 ± 0.0,1.0 ± 0.0,0.626 ± 0.0,1.0 ± 0.0,0.048 ± 0.004
cnn_ae,pot_val0,3,0.456 ± 0.0,1.0 ± 0.0,0.626 ± 0.0,1.0 ± 0.0,0.051 ± 0.002
cnn_ae,condition_aware,3,0.99 ± 0.009,0.669 ± 0.003,0.799 ± 0.002,0.005 ± 0.005,0.221 ± 0.045
cnn_ae,oracle_best_f1 (upper bound),3,0.999 ± 0.001,0.668 ± 0.002,0.801 ± 0.001,0.0 ± 0.0,0.231 ± 0.039
